Date updated,County code,County,Total cases ,Confirmed cases,Probable cases,Total case rate,Hospitalized cases,Total deaths,Confirmed deaths,Probable deaths
05/21/2020,1,Fairfield,14889,,,1578,226,1195,,
05/21/2020,2,Hartford,9463,,,1060,184,1155,,
05/21/2020,3,Litchfield,1298,,,717,6,121,,
05/21/2020,4,Middlesex,992,,,610,28,135,,
05/21/2020,5,New Haven,10756,,,1254,272,888,,
05/21/2020,6,New London,910,,,341,21,72,,
05/21/2020,7,Tolland,796,,,527,0,55,,
05/21/2020,8,Windham,348,,,297,3,14,,
05/22/2020,1,Fairfield,14989,,,1588,227,1208,,
05/22/2020,2,Hartford,9545,,,1069,179,1169,,
05/22/2020,3,Litchfield,1304,,,720,5,122,,
05/22/2020,4,Middlesex,999,,,614,25,136,,
05/22/2020,5,New Haven,10847,,,1265,265,897,,
05/22/2020,6,New London,970,,,364,20,72,,
05/22/2020,7,Tolland,799,,,529,0,55,,
05/22/2020,8,Windham,354,,,302,3,14,,
05/23/2020,1,Fairfield,15114,,,1601,232,1215,,
05/23/2020,2,Hartford,9686,,,1085,164,1175,,
05/23/2020,3,Litchfield,1331,,,735,5,121,,
05/23/2020,4,Middlesex,1010,,,621,26,136,,
05/23/2020,5,New Haven,10905,,,1272,254,903,,
05/23/2020,6,New London,1046,,,392,17,74,,
05/23/2020,7,Tolland,807,,,535,0,55,,
05/23/2020,8,Windham,359,,,307,3,14,,
05/24/2020,1,Fairfield,15213,,,1612,233,1221,,
05/24/2020,2,Hartford,9841,,,1102,166,1187,,
05/24/2020,3,Litchfield,1346,,,743,6,126,,
05/24/2020,4,Middlesex,1012,,,622,29,138,,
05/24/2020,5,New Haven,11017,,,1285,253,922,,
05/24/2020,6,New London,1043,,,391,16,78,,
05/24/2020,7,Tolland,812,,,538,0,56,,
05/24/2020,8,Windham,365,,,312,3,14,,
05/25/2020,1,Fairfield,15355,,,1627,225,1231,,
05/25/2020,2,Hartford,9917,,,1111,173,1193,,
05/25/2020,3,Litchfield,1360,,,751,4,129,,
05/25/2020,4,Middlesex,1026,,,631,28,142,,
05/25/2020,5,New Haven,11121,,,1297,248,925,,
05/25/2020,6,New London,1075,,,403,14,78,,
05/25/2020,7,Tolland,821,,,544,0,56,,
05/25/2020,8,Windham,371,,,317,2,14,,
05/26/2020,1,Fairfield,15314,,,1623,220,1242,,
05/26/2020,2,Hartford,9962,,,1116,165,1203,,
05/26/2020,3,Litchfield,1360,,,751,5,130,,
05/26/2020,4,Middlesex,1061,,,652,30,143,,
05/26/2020,5,New Haven,11124,,,1297,248,934,,
05/26/2020,6,New London,1053,,,395,15,79,,
05/26/2020,7,Tolland,815,,,540,0,57,,
05/26/2020,8,Windham,371,,,317,1,14,,
05/27/2020,1,Fairfield,15353,,,1627,211,1246,,
05/27/2020,2,Hartford,10078,,,1129,158,1208,,
05/27/2020,3,Litchfield,1366,,,754,8,128,,
05/27/2020,4,Middlesex,1082,,,665,24,144,,
05/27/2020,5,New Haven,11198,,,1306,232,946,,
05/27/2020,6,New London,1067,,,400,12,83,,
05/27/2020,7,Tolland,822,,,545,2,57,,
05/27/2020,8,Windham,375,,,320,1,14,,
05/28/2020,1,Fairfield,15409,,,1633,188,1257,,
05/28/2020,2,Hartford,10146,,,1137,138,1222,,
05/28/2020,3,Litchfield,1375,,,759,5,130,,
05/28/2020,4,Middlesex,1090,,,670,22,146,,
05/28/2020,5,New Haven,11241,,,1311,207,957,,
05/28/2020,6,New London,1068,,,400,12,85,,
05/28/2020,7,Tolland,827,,,548,2,57,,
05/28/2020,8,Windham,380,,,325,3,14,,
05/29/2020,1,Fairfield,15502,,,1642,176,1267,,
05/29/2020,2,Hartford,10207,,,1143,120,1238,,
05/29/2020,3,Litchfield,1381,,,763,3,131,,
05/29/2020,4,Middlesex,1104,,,679,22,150,,
05/29/2020,5,New Haven,11309,,,1319,195,966,,
05/29/2020,6,New London,1076,,,403,13,89,,
05/29/2020,7,Tolland,833,,,552,2,57,,
05/29/2020,8,Windham,381,,,326,2,14,,
05/30/2020,1,Fairfield,15549,,,1647,163,1277,,
05/30/2020,2,Hartford,10296,,,1153,107,1250,,
05/30/2020,3,Litchfield,1397,,,771,2,133,,
05/30/2020,4,Middlesex,1104,,,679,23,152,,
05/30/2020,5,New Haven,11323,,,1320,170,972,,
05/30/2020,6,New London,1078,,,404,11,89,,
05/30/2020,7,Tolland,836,,,554,2,57,,
05/30/2020,8,Windham,384,,,328,3,14,,
03/24/2020,3,Litchfield,22,,,,3,0,,
03/24/2020,2,Hartford,88,,,,17,2,,
03/24/2020,7,Tolland,19,,,,4,3,,
03/24/2020,8,Windham,2,,,,0,0,,
03/24/2020,6,New London,6,,,,1,0,,
03/24/2020,1,Fairfield,384,,,,23,7,,
03/24/2020,4,Middlesex,8,,,,4,0,,
03/24/2020,5,New Haven,89,,,,19,0,,
03/25/2020,1,Fairfield,546,,,,47,12,,
03/25/2020,2,Hartford,116,,,,24,2,,
03/25/2020,3,Litchfield,33,,,,3,0,,
03/25/2020,4,Middlesex,15,,,,4,0,,
03/25/2020,5,New Haven,127,,,,28,2,,
03/25/2020,6,New London,9,,,,2,0,,
03/25/2020,7,Tolland,27,,,,5,3,,
03/25/2020,8,Windham,2,,,,0,0,,
03/26/2020,1,Fairfield,607,,,,49,13,,
03/26/2020,2,Hartford,138,,,,27,2,,
03/26/2020,3,Litchfield,44,,,,3,0,,
03/26/2020,4,Middlesex,18,,,,5,1,,
03/26/2020,5,New Haven,156,,,,34,2,,
03/26/2020,6,New London,13,,,,2,0,,
03/26/2020,7,Tolland,33,,,,5,3,,
03/26/2020,8,Windham,3,,,,0,0,,
03/27/2020,1,Fairfield,752,,,,68,15,,
03/27/2020,2,Hartford,189,,,,36,2,,
03/27/2020,3,Litchfield,52,,,,9,0,,
03/27/2020,4,Middlesex,25,,,,5,1,,
03/27/2020,5,New Haven,222,,,,46,6,,
03/27/2020,6,New London,15,,,,2,0,,
03/27/2020,7,Tolland,33,,,,7,3,,
03/27/2020,8,Windham,3,,,,0,0,,
03/28/2020,1,Fairfield,908,,,,88,20,,
03/28/2020,2,Hartford,228,,,,41,2,,
03/28/2020,3,Litchfield,65,,,,12,0,,
03/28/2020,4,Middlesex,28,,,,5,1,,
03/28/2020,5,New Haven,236,,,,50,6,,
03/28/2020,6,New London,19,,,,2,0,,
03/28/2020,7,Tolland,37,,,,7,4,,
03/28/2020,8,Windham,3,,,,0,0,,
03/29/2020,1,Fairfield,1245,,,,189,21,,
03/29/2020,2,Hartford,276,,,,67,2,,
03/29/2020,3,Litchfield,87,,,,5,0,,
03/29/2020,4,Middlesex,38,,,,1,1,,
03/29/2020,5,New Haven,280,,,,137,6,,
03/29/2020,6,New London,20,,,,4,0,,
03/29/2020,7,Tolland,40,,,,0,4,,
03/29/2020,8,Windham,7,,,,1,0,,
03/30/2020,1,Fairfield,1445,,,,101,21,,
03/30/2020,2,Hartford,330,,,,59,3,,
03/30/2020,3,Litchfield,113,,,,18,1,,
03/30/2020,4,Middlesex,50,,,,6,1,,
03/30/2020,5,New Haven,373,,,,55,6,,
03/30/2020,6,New London,24,,,,4,0,,
03/30/2020,7,Tolland,50,,,,7,4,,
03/30/2020,8,Windham,10,,,,0,0,,
03/31/2020,1,Fairfield,1870,,,,275,38,,
03/31/2020,2,Hartford,393,,,,110,7,,
03/31/2020,3,Litchfield,121,,,,7,1,,
03/31/2020,4,Middlesex,56,,,,5,1,,
03/31/2020,5,New Haven,517,,,,202,12,,
03/31/2020,6,New London,27,,,,8,1,,
03/31/2020,7,Tolland,56,,,,1,7,,
03/31/2020,8,Windham,11,,,,0,0,,
04/01/2020,1,Fairfield,1986,,,,359,46,,
04/01/2020,2,Hartford,469,,,,126,11,,
04/01/2020,3,Litchfield,131,,,,11,1,,
04/01/2020,4,Middlesex,66,,,,8,2,,
04/01/2020,5,New Haven,611,,,,251,15,,
04/01/2020,6,New London,29,,,,10,1,,
04/01/2020,7,Tolland,61,,,,1,7,,
04/01/2020,8,Windham,19,,,,0,0,,
04/02/2020,1,Fairfield,2132,,,,381,65,,
04/02/2020,2,Hartford,539,,,,136,13,,
04/02/2020,3,Litchfield,141,,,,11,2,,
04/02/2020,4,Middlesex,74,,,,11,3,,
04/02/2020,5,New Haven,647,,,,274,17,,
04/02/2020,6,New London,29,,,,9,1,,
04/02/2020,7,Tolland,67,,,,2,10,,
04/02/2020,8,Windham,21,,,,3,0,,
04/03/2020,1,Fairfield,2716,,,,409,75,,
04/03/2020,2,Hartford,679,,,,166,18,,
04/03/2020,3,Litchfield,173,,,,14,4,,
04/03/2020,4,Middlesex,91,,,,12,2,,
04/03/2020,5,New Haven,891,,,,293,18,,
04/03/2020,6,New London,40,,,,9,3,,
04/03/2020,7,Tolland,79,,,,3,10,,
04/03/2020,8,Windham,27,,,,3,0,,
04/04/2020,1,Fairfield,2824,,,,475,86,,
04/04/2020,2,Hartford,726,,,,184,26,,
04/04/2020,3,Litchfield,182,,,,15,5,,
04/04/2020,4,Middlesex,100,,,,19,4,,
04/04/2020,5,New Haven,1024,,,,324,29,,
04/04/2020,6,New London,57,,,,10,3,,
04/04/2020,7,Tolland,91,,,,3,10,,
04/04/2020,8,Windham,31,,,,3,1,,
04/05/2020,1,Fairfield,3050,,,,531,96,,
04/05/2020,2,Hartford,751,,,,189,29,,
04/05/2020,3,Litchfield,197,,,,15,6,,
04/05/2020,4,Middlesex,110,,,,19,5,,
04/05/2020,5,New Haven,1162,,,,372,36,,
04/05/2020,6,New London,57,,,,10,4,,
04/05/2020,7,Tolland,94,,,,3,11,,
04/05/2020,8,Windham,32,,,,3,1,,
04/06/2020,1,Fairfield,3719,,,,572,101,,
04/06/2020,2,Hartford,882,,,,213,31,,
04/06/2020,3,Litchfield,230,,,,15,8,,
04/06/2020,4,Middlesex,135,,,,22,7,,
04/06/2020,5,New Haven,1468,,,,384,41,,
04/06/2020,6,New London,65,,,,10,4,,
04/06/2020,7,Tolland,103,,,,3,13,,
04/06/2020,8,Windham,40,,,,2,1,,
04/07/2020,1,Fairfield,4136,,,,613,132,,
04/07/2020,2,Hartford,1045,,,,243,48,,
04/07/2020,3,Litchfield,255,,,,17,9,,
04/07/2020,4,Middlesex,150,,,,26,7,,
04/07/2020,5,New Haven,1664,,,,390,60,,
04/07/2020,6,New London,85,,,,12,4,,
04/07/2020,7,Tolland,111,,,,4,13,,
04/07/2020,8,Windham,43,,,,3,1,,
04/08/2020,1,Fairfield,4417,,,,665,155,,
04/08/2020,2,Hartford,1290,,,,251,68,,
04/08/2020,3,Litchfield,292,,,,20,12,,
04/08/2020,4,Middlesex,174,,,,28,9,,
04/08/2020,5,New Haven,1945,,,,428,70,,
04/08/2020,6,New London,120,,,,16,5,,
04/08/2020,7,Tolland,128,,,,7,13,,
04/08/2020,8,Windham,49,,,,3,1,,
04/09/2020,1,Fairfield,4882,,,,664,178,,
04/09/2020,2,Hartford,1471,,,,276,75,,
04/09/2020,3,Litchfield,315,,,,25,13,,
04/09/2020,4,Middlesex,205,,,,26,14,,
04/09/2020,5,New Haven,2183,,,,447,78,,
04/09/2020,6,New London,139,,,,15,6,,
04/09/2020,7,Tolland,145,,,,7,13,,
04/09/2020,8,Windham,52,,,,4,1,,
04/10/2020,1,Fairfield,5180,,,,685,203,,
04/10/2020,2,Hartford,1615,,,,296,88,,
04/10/2020,3,Litchfield,346,,,,32,16,,
04/10/2020,4,Middlesex,240,,,,28,17,,
04/10/2020,5,New Haven,2383,,,,493,98,,
04/10/2020,6,New London,156,,,,17,7,,
04/10/2020,7,Tolland,152,,,,6,14,,
04/10/2020,8,Windham,59,,,,5,1,,
04/11/2020,1,Fairfield,5407,,,,676,220,,
04/11/2020,2,Hartford,1832,,,,311,101,,
04/11/2020,3,Litchfield,388,,,,38,20,,
04/11/2020,4,Middlesex,290,,,,27,18,,
04/11/2020,5,New Haven,2715,,,,514,107,,
04/11/2020,6,New London,185,,,,16,7,,
04/11/2020,7,Tolland,171,,,,7,15,,
04/11/2020,8,Windham,66,,,,4,1,,
04/12/2020,1,Fairfield,5534,,,,688,248,,
04/12/2020,2,Hartford,1914,,,,333,116,,
04/12/2020,3,Litchfield,403,,,,39,24,,
04/12/2020,4,Middlesex,299,,,,32,18,,
04/12/2020,5,New Haven,2946,,,,535,119,,
04/12/2020,6,New London,190,,,,16,7,,
04/12/2020,7,Tolland,182,,,,7,17,,
04/12/2020,8,Windham,66,,,,4,1,,
04/13/2020,1,Fairfield,6004,,,,710,262,,
04/13/2020,2,Hartford,2243,,,,361,133,,
04/13/2020,3,Litchfield,446,,,,37,24,,
04/13/2020,4,Middlesex,339,,,,35,19,,
04/13/2020,5,New Haven,3358,,,,580,135,,
04/13/2020,6,New London,222,,,,20,7,,
04/13/2020,7,Tolland,195,,,,13,17,,
04/13/2020,8,Windham,83,,,,4,1,,
04/14/2020,1,Fairfield,6213,,,,731,287,,
04/14/2020,2,Hartford,2370,,,,369,153,,
04/14/2020,3,Litchfield,460,,,,35,29,,
04/14/2020,4,Middlesex,355,,,,38,21,,
04/14/2020,5,New Haven,3543,,,,572,151,,
04/14/2020,6,New London,227,,,,17,7,,
04/14/2020,7,Tolland,201,,,,12,18,,
04/14/2020,8,Windham,87,,,,5,1,,
04/15/2020,1,Fairfield,6480,,,,784,365,,
04/15/2020,2,Hartford,2570,,,,402,213,,
04/15/2020,3,Litchfield,490,,,,32,35,,
04/15/2020,4,Middlesex,379,,,,40,28,,
04/15/2020,5,New Haven,3758,,,,612,195,,
04/15/2020,6,New London,236,,,,21,7,,
04/15/2020,7,Tolland,216,,,,11,22,,
04/15/2020,8,Windham,89,,,,6,1,,
04/16/2020,1,Fairfield,6816,,,,787,406,,
04/16/2020,2,Hartford,2859,,,,420,243,,
04/16/2020,3,Litchfield,535,,,,27,44,,
04/16/2020,4,Middlesex,394,,,,39,30,,
04/16/2020,5,New Haven,4163,,,,613,214,,
04/16/2020,6,New London,255,,,,23,9,,
04/16/2020,7,Tolland,241,,,,11,22,,
04/16/2020,8,Windham,87,,,,6,1,,
04/17/2020,1,Fairfield,7146,,,,797,425,,
04/17/2020,2,Hartford,3015,,,,410,266,,
04/17/2020,3,Litchfield,569,,,,28,46,,
04/17/2020,4,Middlesex,422,,,,37,32,,
04/17/2020,5,New Haven,4520,,,,633,229,,
04/17/2020,6,New London,292,,,,22,10,,
04/17/2020,7,Tolland,258,,,,12,24,,
04/17/2020,8,Windham,92,,,,7,2,,
04/18/2020,1,Fairfield,7363,,,,776,432,,
04/18/2020,2,Hartford,3196,,,,417,289,,
04/18/2020,3,Litchfield,593,,,,30,48,,
04/18/2020,4,Middlesex,448,,,,36,37,,
04/18/2020,5,New Haven,4743,,,,638,241,,
04/18/2020,6,New London,315,,,,23,10,,
04/18/2020,7,Tolland,270,,,,14,24,,
04/18/2020,8,Windham,97,,,,4,2,,
04/19/2020,1,Fairfield,7434,,,,746,447,,
04/19/2020,2,Hartford,3351,,,,420,295,,
04/19/2020,3,Litchfield,600,,,,27,48,,
04/19/2020,4,Middlesex,462,,,,33,40,,
04/19/2020,5,New Haven,4871,,,,633,257,,
04/19/2020,6,New London,339,,,,26,10,,
04/19/2020,7,Tolland,276,,,,12,24,,
04/19/2020,8,Windham,100,,,,4,2,,
04/20/2020,1,Fairfield,8320,,,,733,512,,
04/20/2020,2,Hartford,3823,,,,455,369,,
04/20/2020,3,Litchfield,639,,,,23,58,,
04/20/2020,4,Middlesex,484,,,,36,45,,
04/20/2020,5,New Haven,5272,,,,626,301,,
04/20/2020,6,New London,356,,,,29,13,,
04/20/2020,7,Tolland,299,,,,13,27,,
04/20/2020,8,Windham,108,,,,4,2,,
04/21/2020,1,Fairfield,8472,,,,735,544,,
04/21/2020,2,Hartford,3951,,,,473,402,,
04/21/2020,3,Litchfield,643,,,,23,59,,
04/21/2020,4,Middlesex,512,,,,40,47,,
04/21/2020,5,New Haven,5493,,,,625,322,,
04/21/2020,6,New London,369,,,,35,13,,
04/21/2020,7,Tolland,305,,,,13,30,,
04/21/2020,8,Windham,112,,,,5,2,,
04/22/2020,1,Fairfield,9883,,,,749,584,,
04/22/2020,2,Hartford,4128,,,,495,442,,
04/22/2020,3,Litchfield,722,,,,20,63,,
04/22/2020,4,Middlesex,525,,,,42,53,,
04/22/2020,5,New Haven,5811,,,,620,345,,
04/22/2020,6,New London,397,,,,32,14,,
04/22/2020,7,Tolland,331,,,,11,32,,
04/22/2020,8,Windham,122,,,,3,4,,
04/23/2020,1,Fairfield,10008,,,,730,615,,
04/23/2020,2,Hartford,4303,,,,490,469,,
04/23/2020,3,Litchfield,751,,,,22,66,,
04/23/2020,4,Middlesex,545,,,,38,57,,
04/23/2020,5,New Haven,6064,,,,626,372,,
04/23/2020,6,New London,419,,,,31,17,,
04/23/2020,7,Tolland,359,,,,6,33,,
04/23/2020,8,Windham,129,,,,4,4,,
04/24/2020,1,Fairfield,10227,,,,694,662,,
04/24/2020,2,Hartford,4570,,,,462,511,,
04/24/2020,3,Litchfield,808,,,,22,69,,
04/24/2020,4,Middlesex,561,,,,39,63,,
04/24/2020,5,New Haven,6286,,,,617,396,,
04/24/2020,6,New London,448,,,,33,23,,
04/24/2020,7,Tolland,375,,,,4,34,,
04/24/2020,8,Windham,139,,,,6,3,,
04/25/2020,1,Fairfield,10373,,,,649,689,,
04/25/2020,2,Hartford,4761,,,,443,553,,
04/25/2020,3,Litchfield,834,,,,22,73,,
04/25/2020,4,Middlesex,576,,,,41,62,,
04/25/2020,5,New Haven,6509,,,,610,416,,
04/25/2020,6,New London,473,,,,33,28,,
04/25/2020,7,Tolland,384,,,,6,35,,
04/25/2020,8,Windham,151,,,,6,3,,
04/26/2020,1,Fairfield,10529,,,1116,635,707,,
04/26/2020,2,Hartford,4989,,,559,426,579,,
04/26/2020,3,Litchfield,864,,,477,22,74,,
04/26/2020,4,Middlesex,588,,,361,37,66,,
04/26/2020,5,New Haven,6715,,,783,605,429,,
04/26/2020,6,New London,498,,,187,31,31,,
04/26/2020,7,Tolland,407,,,270,5,35,,
04/26/2020,8,Windham,157,,,134,5,3,,
04/27/2020,1,Fairfield,10763,,,1140,627,727,,
04/27/2020,2,Hartford,5157,,,578,429,612,,
04/27/2020,3,Litchfield,892,,,493,21,75,,
04/27/2020,4,Middlesex,609,,,374,37,69,,
04/27/2020,5,New Haven,6993,,,815,602,456,,
04/27/2020,6,New London,516,,,193,31,34,,
04/27/2020,7,Tolland,419,,,278,5,35,,
04/27/2020,8,Windham,164,,,140,6,3,,
04/28/2020,1,Fairfield,10874,,,1152,620,747,,
04/28/2020,2,Hartford,5224,,,585,418,643,,
04/28/2020,3,Litchfield,900,,,497,20,76,,
04/28/2020,4,Middlesex,618,,,380,31,70,,
04/28/2020,5,New Haven,7089,,,827,598,478,,
04/28/2020,6,New London,530,,,199,34,34,,
04/28/2020,7,Tolland,422,,,280,6,35,,
04/28/2020,8,Windham,164,,,140,5,3,,
04/29/2020,1,Fairfield,10985,,,1164,591,774,,
04/29/2020,2,Hartford,5388,,,604,403,670,,
04/29/2020,3,Litchfield,919,,,507,21,79,,
04/29/2020,4,Middlesex,631,,,388,37,76,,
04/29/2020,5,New Haven,7205,,,840,591,493,,
04/29/2020,6,New London,540,,,202,39,35,,
04/29/2020,7,Tolland,427,,,283,5,36,,
04/29/2020,8,Windham,165,,,141,4,2,,
04/30/2020,1,Fairfield,11294,,,1197,565,810,,
04/30/2020,2,Hartford,5601,,,627,416,698,,
04/30/2020,3,Litchfield,963,,,532,21,80,,
04/30/2020,4,Middlesex,657,,,404,42,79,,
04/30/2020,5,New Haven,7536,,,879,557,512,,
04/30/2020,6,New London,564,,,211,41,36,,
04/30/2020,7,Tolland,437,,,290,4,36,,
04/30/2020,8,Windham,186,,,159,4,2,,
05/01/2020,1,Fairfield,11612,,,1230,537,839,,
05/01/2020,2,Hartford,5931,,,664,413,715,,
05/01/2020,3,Litchfield,1014,,,560,22,86,,
05/01/2020,4,Middlesex,687,,,422,40,82,,
05/01/2020,5,New Haven,7900,,,921,533,533,,
05/01/2020,6,New London,603,,,226,38,42,,
05/01/2020,7,Tolland,446,,,296,6,38,,
05/01/2020,8,Windham,200,,,171,3,2,,
05/02/2020,1,Fairfield,11801,,,1250,525,865,,
05/02/2020,2,Hartford,6112,,,685,400,741,,
05/02/2020,3,Litchfield,1036,,,572,22,89,,
05/02/2020,4,Middlesex,707,,,435,37,91,,
05/02/2020,5,New Haven,8024,,,936,523,565,,
05/02/2020,6,New London,623,,,234,33,43,,
05/02/2020,7,Tolland,461,,,305,6,39,,
05/02/2020,8,Windham,211,,,180,5,2,,
05/03/2020,1,Fairfield,12245,,,1297,507,910,,
05/03/2020,2,Hartford,6173,,,692,362,773,,
05/03/2020,3,Litchfield,1047,,,578,23,94,,
05/03/2020,4,Middlesex,713,,,438,41,93,,
05/03/2020,5,New Haven,8110,,,946,487,595,,
05/03/2020,6,New London,641,,,240,33,45,,
05/03/2020,7,Tolland,464,,,307,6,40,,
05/03/2020,8,Windham,217,,,185,5,3,,
05/04/2020,1,Fairfield,12360,,,1310,519,935,,
05/04/2020,2,Hartford,6351,,,711,369,804,,
05/04/2020,3,Litchfield,1065,,,588,24,95,,
05/04/2020,4,Middlesex,734,,,451,42,95,,
05/04/2020,5,New Haven,8337,,,972,504,610,,
05/04/2020,6,New London,681,,,255,34,45,,
05/04/2020,7,Tolland,502,,,333,7,43,,
05/04/2020,8,Windham,223,,,191,1,4,,
05/05/2020,1,Fairfield,12455,,,1320,489,952,,
05/05/2020,2,Hartford,6530,,,731,361,842,,
05/05/2020,3,Litchfield,1085,,,599,21,100,,
05/05/2020,4,Middlesex,742,,,456,42,98,,
05/05/2020,5,New Haven,8419,,,982,487,629,,
05/05/2020,6,New London,704,,,264,36,47,,
05/05/2020,7,Tolland,513,,,340,6,44,,
05/05/2020,8,Windham,242,,,207,3,4,,
05/06/2020,1,Fairfield,12679,,,1343,469,977,,
05/06/2020,2,Hartford,6750,,,756,340,867,,
05/06/2020,3,Litchfield,1114,,,615,20,104,,
05/06/2020,4,Middlesex,764,,,470,45,104,,
05/06/2020,5,New Haven,8678,,,1012,468,643,,
05/06/2020,6,New London,742,,,278,35,49,,
05/06/2020,7,Tolland,522,,,346,5,46,,
05/06/2020,8,Windham,250,,,214,3,5,,
05/07/2020,1,Fairfield,12879,,,1365,439,1006,,
05/07/2020,2,Hartford,6904,,,773,348,884,,
05/07/2020,3,Litchfield,1130,,,624,17,103,,
05/07/2020,4,Middlesex,775,,,476,41,108,,
05/07/2020,5,New Haven,8887,,,1036,448,669,,
05/07/2020,6,New London,755,,,283,36,50,,
05/07/2020,7,Tolland,530,,,351,5,46,,
05/07/2020,8,Windham,249,,,213,2,5,,
05/08/2020,1,Fairfield,13030,,,1381,424,1017,,
05/08/2020,2,Hartford,7105,,,796,339,901,,
05/08/2020,3,Litchfield,1142,,,631,15,105,,
05/08/2020,4,Middlesex,789,,,485,44,114,,
05/08/2020,5,New Haven,9091,,,1060,437,686,,
05/08/2020,6,New London,775,,,290,33,54,,
05/08/2020,7,Tolland,540,,,358,5,46,,
05/08/2020,8,Windham,266,,,227,4,6,,
05/09/2020,1,Fairfield,13236,,,1402,403,1024,,
05/09/2020,2,Hartford,7263,,,814,316,909,,
05/09/2020,3,Litchfield,1153,,,637,19,107,,
05/09/2020,4,Middlesex,798,,,491,47,115,,
05/09/2020,5,New Haven,9209,,,1074,421,701,,
05/09/2020,6,New London,782,,,293,27,54,,
05/09/2020,7,Tolland,543,,,360,5,47,,
05/09/2020,8,Windham,270,,,231,4,7,,
05/10/2020,1,Fairfield,13312,,,1410,384,1034,,
05/10/2020,2,Hartford,7358,,,824,328,921,,
05/10/2020,3,Litchfield,1161,,,641,17,109,,
05/10/2020,4,Middlesex,801,,,492,42,115,,
05/10/2020,5,New Haven,9260,,,1080,405,716,,
05/10/2020,6,New London,784,,,294,26,56,,
05/10/2020,7,Tolland,545,,,361,4,47,,
05/10/2020,8,Windham,271,,,232,6,7,,
05/11/2020,1,Fairfield,13488,,,1429,378,1046,,
05/11/2020,2,Hartford,7528,,,843,320,931,,
05/11/2020,3,Litchfield,1171,,,647,21,110,,
05/11/2020,4,Middlesex,823,,,506,40,116,,
05/11/2020,5,New Haven,9430,,,1100,399,723,,
05/11/2020,6,New London,793,,,297,23,58,,
05/11/2020,7,Tolland,556,,,368,2,47,,
05/11/2020,8,Windham,281,,,240,6,7,,
05/12/2020,1,Fairfield,13636,,,1445,372,1068,,
05/12/2020,2,Hartford,7732,,,866,296,963,,
05/12/2020,3,Litchfield,1179,,,651,18,110,,
05/12/2020,4,Middlesex,837,,,515,36,116,,
05/12/2020,5,New Haven,9570,,,1116,404,745,,
05/12/2020,6,New London,804,,,301,24,60,,
05/12/2020,7,Tolland,560,,,371,3,49,,
05/12/2020,8,Windham,287,,,245,5,9,,
05/13/2020,1,Fairfield,13836,,,1466,362,1093,,
05/13/2020,2,Hartford,7935,,,889,269,999,,
05/13/2020,3,Litchfield,1203,,,664,14,115,,
05/13/2020,4,Middlesex,863,,,530,31,118,,
05/13/2020,5,New Haven,9712,,,1132,394,767,,
05/13/2020,6,New London,821,,,308,24,62,,
05/13/2020,7,Tolland,568,,,376,3,51,,
05/13/2020,8,Windham,291,,,249,6,11,,
05/14/2020,1,Fairfield,14009,,,1484,342,1109,,
05/14/2020,2,Hartford,8126,,,910,248,1025,,
05/14/2020,3,Litchfield,1218,,,673,14,115,,
05/14/2020,4,Middlesex,885,,,544,32,124,,
05/14/2020,5,New Haven,9881,,,1152,367,783,,
05/14/2020,6,New London,844,,,316,24,63,,
05/14/2020,7,Tolland,583,,,386,1,51,,
05/14/2020,8,Windham,301,,,257,5,12,,
05/15/2020,1,Fairfield,14140,,,1498,330,1125,,
05/15/2020,2,Hartford,8299,,,930,243,1044,,
05/15/2020,3,Litchfield,1234,,,681,10,116,,
05/15/2020,4,Middlesex,898,,,552,29,124,,
05/15/2020,5,New Haven,10075,,,1175,352,800,,
05/15/2020,6,New London,860,,,322,24,65,,
05/15/2020,7,Tolland,636,,,421,1,51,,
05/15/2020,8,Windham,304,,,260,5,12,,
05/16/2020,1,Fairfield,14248,,,1510,299,1146,,
05/16/2020,2,Hartford,8723,,,977,234,1069,,
05/16/2020,3,Litchfield,1269,,,701,10,116,,
05/16/2020,4,Middlesex,909,,,559,32,125,,
05/16/2020,5,New Haven,10159,,,1185,336,817,,
05/16/2020,6,New London,873,,,327,22,66,,
05/16/2020,7,Tolland,715,,,474,1,54,,
05/16/2020,8,Windham,313,,,267,3,14,,
05/17/2020,1,Fairfield,14439,,,1530,287,1153,,
05/17/2020,2,Hartford,8957,,,1004,235,1084,,
05/17/2020,3,Litchfield,1280,,,706,10,115,,
05/17/2020,4,Middlesex,936,,,575,32,131,,
05/17/2020,5,New Haven,10338,,,1205,331,830,,
05/17/2020,6,New London,876,,,328,21,66,,
05/17/2020,7,Tolland,735,,,485,1,54,,
05/17/2020,8,Windham,322,,,275,3,14,,
05/18/2020,1,Fairfield,14522,,,1539,287,1160,,
05/18/2020,2,Hartford,9050,,,1014,226,1090,,
05/18/2020,3,Litchfield,1290,,,712,11,117,,
05/18/2020,4,Middlesex,947,,,582,35,131,,
05/18/2020,5,New Haven,10427,,,1216,327,838,,
05/18/2020,6,New London,880,,,330,24,66,,
05/18/2020,7,Tolland,770,,,510,1,54,,
05/18/2020,8,Windham,326,,,279,3,14,,
05/19/2020,1,Fairfield,14719,,,1560,272,1167,,
05/19/2020,2,Hartford,9234,,,1034,222,1116,,
05/19/2020,3,Litchfield,1299,,,717,7,121,,
05/19/2020,4,Middlesex,965,,,593,33,131,,
05/19/2020,5,New Haven,10587,,,1234,326,855,,
05/19/2020,6,New London,896,,,336,24,68,,
05/19/2020,7,Tolland,786,,,521,0,55,,
05/19/2020,8,Windham,329,,,281,3,14,,
05/20/2020,1,Fairfield,14751,,,1563,241,1180,,
05/20/2020,2,Hartford,9299,,,1042,214,1133,,
05/20/2020,3,Litchfield,1303,,,719,7,121,,
05/20/2020,4,Middlesex,972,,,597,28,130,,
05/20/2020,5,New Haven,10663,,,1243,301,874,,
05/20/2020,6,New London,903,,,338,22,73,,
05/20/2020,7,Tolland,787,,,521,0,55,,
05/20/2020,8,Windham,336,,,287,3,14,,
05/31/2020,1,Fairfield,15709,15003,706,1664,157,1288,990,298
05/31/2020,2,Hartford,10445,9752,693,1170,100,1254,944,310
05/31/2020,3,Litchfield,1400,1333,67,773,4,136,114,22
05/31/2020,4,Middlesex,1143,1084,59,703,21,153,117,36
05/31/2020,5,New Haven,11479,11088,391,1338,160,973,822,151
05/31/2020,6,New London,1091,1033,58,409,9,89,66,23
05/31/2020,7,Tolland,845,768,77,560,2,58,45,13
05/31/2020,8,Windham,388,376,12,332,1,13,12,1
06/01/2020,1,Fairfield,15776,15073,703,1671,153,1287,996,291
06/01/2020,2,Hartford,10536,9861,675,1180,93,1253,951,302
06/01/2020,3,Litchfield,1402,1336,66,774,4,133,113,20
06/01/2020,4,Middlesex,1154,1098,56,709,24,150,117,33
06/01/2020,5,New Haven,11525,11139,386,1344,149,985,837,148
06/01/2020,6,New London,1094,1035,59,410,9,90,66,24
06/01/2020,7,Tolland,848,772,76,562,1,60,46,14
06/01/2020,8,Windham,393,383,10,336,1,14,13,1
06/02/2020,1,Fairfield,15789,15087,702,1673,134,1289,998,291
06/02/2020,2,Hartford,10593,9914,679,1187,92,1259,958,301
06/02/2020,3,Litchfield,1404,1338,66,775,5,133,113,20
06/02/2020,4,Middlesex,1161,1104,57,714,16,152,118,34
06/02/2020,5,New Haven,11548,11161,387,1347,150,990,843,147
06/02/2020,6,New London,1100,1039,61,412,8,92,67,25
06/02/2020,7,Tolland,856,783,73,567,0,60,46,14
06/02/2020,8,Windham,392,384,8,335,1,14,13,1
06/03/2020,1,Fairfield,15843,15133,710,1679,126,1293,1002,291
06/03/2020,2,Hartford,10636,9947,689,1191,90,1266,964,302
06/03/2020,3,Litchfield,1406,1339,67,776,3,134,113,21
06/03/2020,4,Middlesex,1171,1113,58,720,15,154,119,35
06/03/2020,5,New Haven,11582,11191,391,1350,128,992,845,147
06/03/2020,6,New London,1104,1042,62,414,8,94,69,25
06/03/2020,7,Tolland,859,784,75,569,0,60,46,14
06/03/2020,8,Windham,397,389,8,339,3,14,13,1
06/04/2020,1,Fairfield,15914,15204,710,1686,111,1304,1011,293
06/04/2020,2,Hartford,10677,9982,695,1196,83,1277,968,309
06/04/2020,3,Litchfield,1409,1343,66,778,2,134,113,21
06/04/2020,4,Middlesex,1170,1112,58,719,14,155,120,35
06/04/2020,5,New Haven,11673,11282,391,1361,127,999,855,144
06/04/2020,6,New London,1108,1045,63,415,8,95,70,25
06/04/2020,7,Tolland,859,784,75,569,0,60,46,14
06/04/2020,8,Windham,405,398,7,346,5,14,13,1
06/05/2020,1,Fairfield,16020,15307,713,1697,108,1309,1017,292
06/05/2020,2,Hartford,10747,10046,701,1204,78,1279,971,308
06/05/2020,3,Litchfield,1413,1347,66,780,1,134,113,21
06/05/2020,4,Middlesex,1174,1119,55,722,14,157,123,34
06/05/2020,5,New Haven,11817,11429,388,1378,121,1007,865,142
06/05/2020,6,New London,1112,1049,63,417,7,95,70,25
06/05/2020,7,Tolland,864,789,75,572,0,60,46,14
06/05/2020,8,Windham,416,409,7,355,4,14,13,1
06/06/2020,1,Fairfield,16056,15342,714,1701,111,1312,1019,293
06/06/2020,2,Hartford,10809,10112,697,1211,87,1287,977,310
06/06/2020,3,Litchfield,1419,1353,66,783,1,134,113,21
06/06/2020,4,Middlesex,1185,1128,57,728,15,159,124,35
06/06/2020,5,New Haven,11828,11441,387,1379,110,1010,867,143
06/06/2020,6,New London,1119,1056,63,419,6,95,70,25
06/06/2020,7,Tolland,864,789,75,572,0,60,46,14
06/06/2020,8,Windham,420,412,8,359,3,14,13,1
06/07/2020,1,Fairfield,16092,15379,713,1705,114,1316,1023,293
06/07/2020,2,Hartford,10844,10145,699,1215,77,1291,978,313
06/07/2020,3,Litchfield,1426,1360,66,787,2,134,113,21
06/07/2020,4,Middlesex,1187,1130,57,730,14,160,125,35
06/07/2020,5,New Haven,11860,11472,388,1383,108,1013,870,143
06/07/2020,6,New London,1120,1057,63,420,7,96,71,25
06/07/2020,7,Tolland,863,787,76,572,0,60,46,14
06/07/2020,8,Windham,428,421,7,366,2,14,13,1
06/08/2020,1,Fairfield,16108,15405,703,1707,111,1319,1027,292
06/08/2020,2,Hartford,10859,10206,653,1216,68,1291,991,300
06/08/2020,3,Litchfield,1432,1369,63,791,3,136,115,21
06/08/2020,4,Middlesex,1194,1139,55,734,12,163,128,35
06/08/2020,5,New Haven,11875,11495,380,1385,88,1016,872,144
06/08/2020,6,New London,1122,1059,63,421,8,96,71,25
06/08/2020,7,Tolland,873,806,67,578,1,61,48,13
06/08/2020,8,Windham,430,423,7,367,2,15,14,1
06/09/2020,1,Fairfield,16134,15519,615,1709,92,1321,1029,292
06/09/2020,2,Hartford,10924,10274,650,1224,69,1303,1001,302
06/09/2020,3,Litchfield,1430,1368,62,790,3,134,113,21
06/09/2020,4,Middlesex,1199,1144,55,737,12,164,128,36
06/09/2020,5,New Haven,11911,11539,372,1389,84,1024,879,145
06/09/2020,6,New London,1130,1068,62,424,8,97,72,25
06/09/2020,7,Tolland,878,810,68,582,0,61,47,14
06/09/2020,8,Windham,437,429,8,373,2,14,13,1
06/10/2020,1,Fairfield,16155,15537,618,1712,89,1333,1039,294
06/10/2020,2,Hartford,10967,10314,653,1229,60,1308,1006,302
06/10/2020,3,Litchfield,1435,1374,61,792,3,135,114,21
06/10/2020,4,Middlesex,1210,1154,56,744,14,165,128,37
06/10/2020,5,New Haven,11930,11558,372,1391,71,1031,887,144
06/10/2020,6,New London,1147,1085,62,430,7,98,73,25
06/10/2020,7,Tolland,883,814,69,585,0,62,48,14
06/10/2020,8,Windham,441,434,7,377,2,14,13,1
06/11/2020,1,Fairfield,16178,15561,617,1714,81,1337,1044,293
06/11/2020,2,Hartford,11103,10455,648,1244,61,1313,1011,302
06/11/2020,3,Litchfield,1435,1374,61,792,3,135,114,21
06/11/2020,4,Middlesex,1216,1160,56,747,15,166,129,37
06/11/2020,5,New Haven,11979,11606,373,1397,74,1034,889,145
06/11/2020,6,New London,1150,1088,62,431,7,98,73,25
06/11/2020,7,Tolland,886,815,71,587,0,62,48,14
06/11/2020,8,Windham,453,446,7,387,3,14,13,1
06/12/2020,1,Fairfield,16277,15661,616,1725,81,1345,1051,294
06/12/2020,2,Hartford,11189,10534,655,1253,54,1321,1018,303
06/12/2020,3,Litchfield,1439,1377,62,795,3,135,114,21
06/12/2020,4,Middlesex,1223,1167,56,752,13,168,131,37
06/12/2020,5,New Haven,12021,11641,380,1402,73,1041,893,148
06/12/2020,6,New London,1198,1135,63,449,7,100,74,26
06/12/2020,7,Tolland,885,814,71,586,0,62,48,14
06/12/2020,8,Windham,463,456,7,396,2,14,13,1
06/13/2020,1,Fairfield,16306,15690,616,1728,68,1346,1052,294
06/13/2020,2,Hartford,11218,10564,654,1257,52,1327,1023,304
06/13/2020,3,Litchfield,1442,1380,62,796,3,136,115,21
06/13/2020,4,Middlesex,1229,1173,56,755,11,171,134,37
06/13/2020,5,New Haven,12034,11653,381,1403,63,1044,895,149
06/13/2020,6,New London,1236,1173,63,463,6,101,75,26
06/13/2020,7,Tolland,888,817,71,588,0,62,48,14
06/13/2020,8,Windham,465,458,7,397,2,14,13,1
06/14/2020,1,Fairfield,16338,15717,621,1731,70,1347,1052,295
06/14/2020,2,Hartford,11231,10573,658,1258,52,1328,1023,305
06/14/2020,3,Litchfield,1441,1379,62,796,3,135,114,21
06/14/2020,4,Middlesex,1233,1175,58,758,9,171,134,37
06/14/2020,5,New Haven,12055,11671,384,1406,63,1045,896,149
06/14/2020,6,New London,1240,1177,63,465,6,102,76,26
06/14/2020,7,Tolland,888,817,71,588,0,62,48,14
06/14/2020,8,Windham,467,460,7,399,0,14,13,1
06/15/2020,1,Fairfield,16359,15738,621,1733,70,1350,1055,295
06/15/2020,2,Hartford,11261,10601,660,1261,48,1330,1025,305
06/15/2020,3,Litchfield,1443,1381,62,797,3,135,114,21
06/15/2020,4,Middlesex,1235,1177,58,759,8,171,134,37
06/15/2020,5,New Haven,12078,11695,383,1408,64,1046,897,149
06/15/2020,6,New London,1276,1213,63,478,7,102,76,26
06/15/2020,7,Tolland,888,817,71,588,0,62,48,14
06/15/2020,8,Windham,469,462,7,401,1,14,13,1
06/16/2020,1,Fairfield,16381,15757,624,1736,68,1352,1058,294
06/16/2020,2,Hartford,11284,10619,665,1264,42,1331,1026,305
06/16/2020,3,Litchfield,1444,1382,62,797,5,135,114,21
06/16/2020,4,Middlesex,1241,1182,59,763,7,171,134,37
06/16/2020,5,New Haven,12089,11706,383,1410,60,1052,903,149
06/16/2020,6,New London,1285,1223,62,482,3,101,76,25
06/16/2020,7,Tolland,889,818,71,589,0,63,49,14
06/16/2020,8,Windham,471,464,7,402,1,14,13,1
06/17/2020,1,Fairfield,16398,15773,625,1737,64,1352,1058,294
06/17/2020,2,Hartford,11322,10653,669,1268,37,1336,1029,307
06/17/2020,3,Litchfield,1447,1385,62,799,7,135,114,21
06/17/2020,4,Middlesex,1246,1187,59,766,7,172,135,37
06/17/2020,5,New Haven,12105,11722,383,1411,56,1052,903,149
06/17/2020,6,New London,1288,1226,62,483,4,101,76,25
06/17/2020,7,Tolland,892,821,71,591,0,64,50,14
06/17/2020,8,Windham,472,465,7,403,1,14,13,1
06/18/2020,1,Fairfield,16425,15801,624,1740,66,1355,1060,295
06/18/2020,2,Hartford,11358,10690,668,1272,35,1341,1032,309
06/18/2020,3,Litchfield,1448,1385,63,800,5,135,114,21
06/18/2020,4,Middlesex,1254,1195,59,771,8,172,135,37
06/18/2020,5,New Haven,12136,11751,385,1415,52,1056,905,151
06/18/2020,6,New London,1203,1141,62,451,5,101,76,25
06/18/2020,7,Tolland,893,823,70,592,0,64,50,14
06/18/2020,8,Windham,567,560,7,485,1,14,13,1
06/19/2020,1,Fairfield,16469,15841,628,1745,53,1361,1063,298
06/19/2020,2,Hartford,11392,10726,666,1276,35,1344,1034,310
06/19/2020,3,Litchfield,1467,1404,63,810,3,135,115,20
06/19/2020,4,Middlesex,1258,1200,58,773,9,172,135,37
06/19/2020,5,New Haven,12174,11786,388,1420,46,1060,908,152
06/19/2020,6,New London,1209,1147,62,453,3,101,76,25
06/19/2020,7,Tolland,895,825,70,593,0,64,50,14
06/19/2020,8,Windham,575,568,7,491,1,14,13,1
06/20/2020,1,Fairfield,16475,15847,628,1746,53,1361,1063,298
06/20/2020,2,Hartford,11405,10738,667,1278,44,1350,1039,311
06/20/2020,3,Litchfield,1467,1404,63,810,1,135,115,20
06/20/2020,4,Middlesex,1259,1200,59,774,9,174,136,38
06/20/2020,5,New Haven,12185,11798,387,1421,37,1061,909,152
06/20/2020,6,New London,1217,1155,62,456,4,101,76,25
06/20/2020,7,Tolland,895,825,70,593,0,64,50,14
06/20/2020,8,Windham,579,572,7,495,1,14,13,1
06/21/2020,1,Fairfield,16483,15854,629,1746,51,1362,1064,298
06/21/2020,2,Hartford,11414,10743,671,1279,39,1350,1038,312
06/21/2020,3,Litchfield,1467,1404,63,810,1,135,115,20
06/21/2020,4,Middlesex,1259,1200,59,774,8,174,136,38
06/21/2020,5,New Haven,12196,11805,391,1422,37,1063,911,152
06/21/2020,6,New London,1214,1152,62,455,3,101,76,25
06/21/2020,7,Tolland,895,825,70,593,0,64,50,14
06/21/2020,8,Windham,584,577,7,499,1,14,13,1
06/22/2020,1,Fairfield,16522,15892,630,1751,46,1367,1065,302
06/22/2020,2,Hartford,11443,10775,668,1282,39,1352,1040,312
06/22/2020,3,Litchfield,1469,1406,63,811,1,136,116,20
06/22/2020,4,Middlesex,1272,1213,59,782,10,177,139,38
06/22/2020,5,New Haven,12225,11836,389,1425,38,1065,915,150
06/22/2020,6,New London,1221,1159,62,458,3,102,76,26
06/22/2020,7,Tolland,898,828,70,595,0,64,50,14
06/22/2020,8,Windham,587,580,7,502,1,14,13,1
06/23/2020,1,Fairfield,16527,15896,631,1751,47,1370,1067,303
06/23/2020,2,Hartford,11450,10782,668,1283,28,1356,1044,312
06/23/2020,3,Litchfield,1469,1406,63,811,1,136,116,20
06/23/2020,4,Middlesex,1273,1214,59,783,8,179,141,38
06/23/2020,5,New Haven,12227,11838,389,1426,37,1066,916,150
06/23/2020,6,New London,1221,1159,62,458,2,102,76,26
06/23/2020,7,Tolland,898,828,70,595,0,64,50,14
06/23/2020,8,Windham,588,581,7,502,1,14,13,1
06/24/2020,1,Fairfield,16547,15914,633,1753,46,1373,1069,304
06/24/2020,2,Hartford,11483,10806,677,1286,25,1362,1051,311
06/24/2020,3,Litchfield,1469,1406,63,811,1,136,116,20
06/24/2020,4,Middlesex,1277,1218,59,785,8,179,141,38
06/24/2020,5,New Haven,12245,11852,393,1428,39,1068,918,150
06/24/2020,6,New London,1219,1157,62,457,2,102,76,26
06/24/2020,7,Tolland,899,829,70,596,0,64,50,14
06/24/2020,8,Windham,595,586,9,508,1,14,13,1
06/25/2020,1,Fairfield,16564,15931,633,1755,46,1375,1070,305
06/25/2020,2,Hartford,11511,10835,676,1289,25,1365,1053,312
06/25/2020,3,Litchfield,1471,1408,63,812,1,136,116,20
06/25/2020,4,Middlesex,1282,1222,60,788,8,182,143,39
06/25/2020,5,New Haven,12254,11862,392,1429,45,1069,919,150
06/25/2020,6,New London,1223,1161,62,458,1,102,76,26
06/25/2020,7,Tolland,904,834,70,599,0,64,50,14
06/25/2020,8,Windham,598,591,7,511,1,14,13,1
06/26/2020,1,Fairfield,16606,15968,638,1759,35,1375,1070,305
06/26/2020,2,Hartford,11558,10882,676,1295,24,1369,1056,313
06/26/2020,3,Litchfield,1482,1419,63,818,1,136,116,20
06/26/2020,4,Middlesex,1287,1226,61,791,9,182,143,39
06/26/2020,5,New Haven,12275,11881,394,1431,35,1069,919,150
06/26/2020,6,New London,1241,1179,62,465,1,102,76,26
06/26/2020,7,Tolland,906,836,70,600,0,64,50,14
06/26/2020,8,Windham,599,592,7,512,1,14,13,1
06/27/2020,1,Fairfield,16633,15995,638,1762,32,1375,1070,305
06/27/2020,2,Hartford,11587,10912,675,1298,27,1369,1056,313
06/27/2020,3,Litchfield,1482,1419,63,818,1,136,116,20
06/27/2020,4,Middlesex,1292,1232,60,794,8,183,144,39
06/27/2020,5,New Haven,12299,11905,394,1434,33,1073,923,150
06/27/2020,6,New London,1244,1182,62,466,2,102,76,26
06/27/2020,7,Tolland,910,840,70,603,0,64,50,14
06/27/2020,8,Windham,605,598,7,517,0,14,13,1
06/28/2020,1,Fairfield,16664,16025,639,1766,32,1376,1070,306
06/28/2020,2,Hartford,11623,10950,673,1302,26,1370,1057,313
06/28/2020,3,Litchfield,1487,1424,63,821,0,136,116,20
06/28/2020,4,Middlesex,1295,1235,60,796,6,183,144,39
06/28/2020,5,New Haven,12318,11924,394,1436,33,1075,925,150
06/28/2020,6,New London,1255,1193,62,470,2,102,76,26
06/28/2020,7,Tolland,909,839,70,602,0,64,50,14
06/28/2020,8,Windham,606,599,7,518,0,14,13,1
06/29/2020,1,Fairfield,16703,16064,639,1770,37,1376,1070,306
06/29/2020,2,Hartford,11662,10987,675,1306,28,1370,1057,313
06/29/2020,3,Litchfield,1490,1427,63,823,0,137,117,20
06/29/2020,4,Middlesex,1305,1246,59,802,3,184,145,39
06/29/2020,5,New Haven,12359,11965,394,1441,27,1075,925,150
06/29/2020,6,New London,1268,1206,62,475,3,102,76,26
06/29/2020,7,Tolland,913,843,70,605,0,64,50,14
06/29/2020,8,Windham,610,603,7,521,0,14,13,1
06/30/2020,1,Fairfield,16717,16078,639,1771,31,1376,1070,306
06/30/2020,2,Hartford,11691,11013,678,1310,32,1373,1059,314
06/30/2020,3,Litchfield,1490,1427,63,823,0,137,117,20
06/30/2020,4,Middlesex,1304,1245,59,802,7,185,146,39
06/30/2020,5,New Haven,12368,11978,390,1442,28,1073,926,147
06/30/2020,6,New London,1268,1206,62,475,2,102,76,26
06/30/2020,7,Tolland,913,843,70,605,0,64,50,14
06/30/2020,8,Windham,612,605,7,523,0,14,13,1
07/01/2020,1,Fairfield,16733,16094,639,1773,31,1376,1070,306
07/01/2020,2,Hartford,11716,11041,675,1312,33,1374,1060,314
07/01/2020,3,Litchfield,1492,1429,63,824,1,137,117,20
07/01/2020,4,Middlesex,1311,1252,59,806,6,185,146,39
07/01/2020,5,New Haven,12383,11995,388,1444,28,1074,927,147
07/01/2020,6,New London,1273,1211,62,477,2,102,76,26
07/01/2020,7,Tolland,915,845,70,606,0,64,50,14
07/01/2020,8,Windham,612,605,7,523,0,14,13,1
07/02/2020,1,Fairfield,16757,16119,638,1775,31,1377,1071,306
07/02/2020,2,Hartford,11728,11050,678,1314,27,1378,1062,316
07/02/2020,3,Litchfield,1494,1430,64,825,1,137,117,20
07/02/2020,4,Middlesex,1308,1249,59,804,5,186,147,39
07/02/2020,5,New Haven,12409,12022,387,1447,27,1077,927,150
07/02/2020,6,New London,1277,1215,62,479,4,102,76,26
07/02/2020,7,Tolland,915,846,69,606,0,64,50,14
07/02/2020,8,Windham,616,609,7,526,0,14,13,1
07/05/2020,1,Fairfield,16823,16186,637,1782,25,1377,1071,306
07/05/2020,2,Hartford,11794,11115,679,1321,24,1380,1064,316
07/05/2020,3,Litchfield,1504,1440,64,830,1,137,117,20
07/05/2020,4,Middlesex,1321,1261,60,812,3,186,147,39
07/05/2020,5,New Haven,12462,12072,390,1453,14,1078,928,150
07/05/2020,6,New London,1296,1234,62,486,1,102,76,26
07/05/2020,7,Tolland,925,856,69,613,0,64,50,14
07/05/2020,8,Windham,624,617,7,533,1,14,13,1
07/06/2020,1,Fairfield,16837,16200,637,1784,26,1377,1071,306
07/06/2020,2,Hartford,11812,11133,679,1323,30,1380,1064,316
07/06/2020,3,Litchfield,1508,1444,64,833,1,137,117,20
07/06/2020,4,Middlesex,1320,1260,60,811,5,186,147,39
07/06/2020,5,New Haven,12473,12084,389,1454,18,1078,928,150
07/06/2020,6,New London,1304,1242,62,489,1,102,76,26
07/06/2020,7,Tolland,925,857,68,613,0,64,50,14
07/06/2020,8,Windham,627,620,7,536,2,14,13,1
07/07/2020,1,Fairfield,16859,16220,639,1786,34,1378,1072,306
07/07/2020,2,Hartford,11835,11155,680,1326,29,1382,1065,317
07/07/2020,3,Litchfield,1509,1446,63,833,0,137,117,20
07/07/2020,4,Middlesex,1331,1272,59,818,8,187,149,38
07/07/2020,5,New Haven,12486,12097,389,1456,13,1079,929,150
07/07/2020,6,New London,1308,1246,62,490,3,102,76,26
07/07/2020,7,Tolland,926,857,69,614,0,64,50,14
07/07/2020,8,Windham,626,619,7,535,1,14,13,1
07/08/2020,1,Fairfield,16886,16245,641,1789,32,1380,1074,306
07/08/2020,2,Hartford,11866,11185,681,1329,31,1385,1068,317
07/08/2020,3,Litchfield,1510,1446,64,834,1,137,117,20
07/08/2020,4,Middlesex,1334,1275,59,820,6,187,149,38
07/08/2020,5,New Haven,12509,12119,390,1459,17,1079,929,150
07/08/2020,6,New London,1319,1257,62,494,3,102,76,26
07/08/2020,7,Tolland,928,859,69,615,0,64,50,14
07/08/2020,8,Windham,630,622,8,538,0,14,13,1
07/09/2020,1,Fairfield,16906,16265,641,1791,25,1380,1074,306
07/09/2020,2,Hartford,11892,11212,680,1332,28,1385,1068,317
07/09/2020,3,Litchfield,1510,1447,63,834,1,137,117,20
07/09/2020,4,Middlesex,1335,1276,59,821,5,187,149,38
07/09/2020,5,New Haven,12532,12142,390,1461,15,1079,929,150
07/09/2020,6,New London,1322,1263,59,496,3,102,76,26
07/09/2020,7,Tolland,928,859,69,615,0,64,50,14
07/09/2020,8,Windham,632,625,7,540,0,14,13,1
07/12/2020,1,Fairfield,16954,16309,645,1796,23,1385,1075,310
07/12/2020,2,Hartford,11949,11268,681,1339,18,1391,1074,317
07/12/2020,3,Litchfield,1512,1448,64,835,1,139,118,21
07/12/2020,4,Middlesex,1340,1281,59,824,5,187,149,38
07/12/2020,5,New Haven,12612,12221,391,1471,23,1087,936,151
07/12/2020,6,New London,1328,1269,59,498,4,101,75,26
07/12/2020,7,Tolland,935,865,70,620,0,65,50,15
07/12/2020,8,Windham,636,629,7,543,0,14,13,1
07/13/2020,1,Fairfield,16960,16317,643,1797,22,1385,1077,308
07/13/2020,2,Hartford,11950,11269,681,1339,18,1394,1077,317
07/13/2020,3,Litchfield,1512,1448,64,835,1,138,117,21
07/13/2020,4,Middlesex,1341,1282,59,824,2,187,149,38
07/13/2020,5,New Haven,12617,12226,391,1471,20,1087,937,150
07/13/2020,6,New London,1334,1275,59,500,3,102,76,26
07/13/2020,7,Tolland,935,867,68,620,0,65,51,14
07/13/2020,8,Windham,638,631,7,545,0,14,13,1
07/14/2020,1,Fairfield,16993,16350,643,1800,18,1387,1079,308
07/14/2020,2,Hartford,11980,11299,681,1342,20,1398,1081,317
07/14/2020,3,Litchfield,1517,1453,64,838,0,138,117,21
07/14/2020,4,Middlesex,1346,1287,59,827,4,188,150,38
07/14/2020,5,New Haven,12643,12252,391,1474,22,1088,938,150
07/14/2020,6,New London,1339,1280,59,502,3,102,76,26
07/14/2020,7,Tolland,937,869,68,621,0,65,51,14
07/14/2020,8,Windham,639,632,7,546,0,14,13,1
07/15/2020,1,Fairfield,17027,16385,642,1804,20,1391,1083,308
07/15/2020,2,Hartford,12016,11337,679,1346,20,1402,1086,316
07/15/2020,3,Litchfield,1520,1456,64,839,0,138,117,21
07/15/2020,4,Middlesex,1351,1292,59,830,3,189,151,38
07/15/2020,5,New Haven,12686,12296,390,1479,19,1088,938,150
07/15/2020,6,New London,1345,1286,59,504,4,102,76,26
07/15/2020,7,Tolland,937,869,68,621,0,65,51,14
07/15/2020,8,Windham,642,635,7,549,0,14,13,1
07/16/2020,1,Fairfield,17069,16426,643,1808,21,1395,1086,309
07/16/2020,2,Hartford,12046,11366,680,1349,19,1403,1087,316
07/16/2020,3,Litchfield,1523,1459,64,841,0,138,117,21
07/16/2020,4,Middlesex,1357,1298,59,834,3,189,151,38
07/16/2020,5,New Haven,12733,12340,393,1485,20,1090,938,152
07/16/2020,6,New London,1347,1288,59,505,3,102,76,26
07/16/2020,7,Tolland,939,871,68,622,0,65,51,14
07/16/2020,8,Windham,651,644,7,556,0,14,13,1
07/19/2020,1,Fairfield,17112,16466,646,1813,22,1399,1087,312
07/19/2020,2,Hartford,12082,11403,679,1353,14,1406,1089,317
07/19/2020,3,Litchfield,1524,1460,64,841,0,138,117,21
07/19/2020,4,Middlesex,1359,1300,59,835,3,189,151,38
07/19/2020,5,New Haven,12788,12396,392,1491,14,1092,940,152
07/19/2020,6,New London,1356,1297,59,508,1,102,76,26
07/19/2020,7,Tolland,948,880,68,628,0,65,51,14
07/19/2020,8,Windham,652,645,7,557,0,15,14,1
07/20/2020,1,Fairfield,17123,16477,646,1814,20,1399,1087,312
07/20/2020,2,Hartford,12101,11424,677,1356,18,1406,1089,317
07/20/2020,3,Litchfield,1525,1461,64,842,1,138,117,21
07/20/2020,4,Middlesex,1361,1302,59,837,4,189,151,38
07/20/2020,5,New Haven,12794,12404,390,1492,18,1092,942,150
07/20/2020,6,New London,1357,1298,59,509,1,102,76,26
07/20/2020,7,Tolland,946,878,68,627,0,65,51,14
07/20/2020,8,Windham,653,646,7,558,0,15,14,1
07/21/2020,1,Fairfield,17164,16508,656,1819,22,1399,1087,312
07/21/2020,2,Hartford,12147,11458,689,1361,17,1407,1090,317
07/21/2020,3,Litchfield,1530,1462,68,845,2,138,117,21
07/21/2020,4,Middlesex,1362,1302,60,837,2,188,150,38
07/21/2020,5,New Haven,12825,12422,403,1495,18,1092,942,150
07/21/2020,6,New London,1364,1302,62,511,1,102,76,26
07/21/2020,7,Tolland,946,880,66,627,0,65,51,14
07/21/2020,8,Windham,655,648,7,560,1,15,14,1
07/22/2020,1,Fairfield,17184,16529,655,1821,26,1401,1089,312
07/22/2020,2,Hartford,12145,11455,690,1360,17,1408,1090,318
07/22/2020,3,Litchfield,1530,1462,68,845,2,138,117,21
07/22/2020,4,Middlesex,1360,1300,60,836,2,188,150,38
07/22/2020,5,New Haven,12835,12433,402,1497,23,1093,943,150
07/22/2020,6,New London,1352,1290,62,507,1,102,76,26
07/22/2020,7,Tolland,937,871,66,621,0,65,51,14
07/22/2020,8,Windham,655,648,7,560,1,15,14,1
07/23/2020,1,Fairfield,17421,16777,644,1846,23,1402,1089,313
07/23/2020,2,Hartford,12340,11685,655,1382,19,1408,1090,318
07/23/2020,3,Litchfield,1560,1495,65,861,0,138,117,21
07/23/2020,4,Middlesex,1365,1305,60,839,3,188,150,38
07/23/2020,5,New Haven,12884,12480,404,1502,25,1095,944,151
07/23/2020,6,New London,1362,1300,62,511,0,102,76,26
07/23/2020,7,Tolland,964,900,64,639,0,65,51,14
07/23/2020,8,Windham,658,651,7,562,1,15,14,1
07/26/2020,1,Fairfield,17459,16805,654,1850,19,1402,1090,312
07/26/2020,2,Hartford,12390,11731,659,1388,14,1410,1091,319
07/26/2020,3,Litchfield,1568,1504,64,866,0,138,117,21
07/26/2020,4,Middlesex,1373,1312,61,844,6,189,151,38
07/26/2020,5,New Haven,12941,12535,406,1509,19,1097,946,151
07/26/2020,6,New London,1373,1310,63,515,0,102,76,26
07/26/2020,7,Tolland,969,906,63,642,0,65,51,14
07/26/2020,8,Windham,668,660,8,571,1,15,14,1
07/27/2020,1,Fairfield,17494,16840,654,1854,18,1403,1091,312
07/27/2020,2,Hartford,12401,11741,660,1389,12,1411,1091,320
07/27/2020,3,Litchfield,1570,1506,64,867,1,138,117,21
07/27/2020,4,Middlesex,1374,1313,61,845,3,189,151,38
07/27/2020,5,New Haven,12965,12561,404,1512,18,1099,949,150
07/27/2020,6,New London,1382,1319,63,518,0,103,77,26
07/27/2020,7,Tolland,972,909,63,644,0,65,51,14
07/27/2020,8,Windham,674,666,8,576,2,15,14,1
07/28/2020,1,Fairfield,17733,17087,646,1879,19,1404,1092,312
07/28/2020,2,Hartford,12542,11905,637,1405,14,1411,1092,319
07/28/2020,3,Litchfield,1593,1529,64,880,2,138,117,21
07/28/2020,4,Middlesex,1375,1314,61,845,4,189,151,38
07/28/2020,5,New Haven,12983,12578,405,1514,12,1100,950,150
07/28/2020,6,New London,1387,1323,64,520,1,103,77,26
07/28/2020,7,Tolland,1001,938,63,663,0,65,51,14
07/28/2020,8,Windham,676,668,8,578,1,15,14,1
07/29/2020,1,Fairfield,17786,17142,644,1884,27,1406,1094,312
07/29/2020,2,Hartford,12561,11927,634,1407,15,1411,1092,319
07/29/2020,3,Litchfield,1599,1535,64,883,1,138,117,21
07/29/2020,4,Middlesex,1377,1316,61,846,4,191,153,38
07/29/2020,5,New Haven,13013,12608,405,1517,18,1101,951,150
07/29/2020,6,New London,1396,1333,63,523,1,103,77,26
07/29/2020,7,Tolland,1011,948,63,670,0,66,52,14
07/29/2020,8,Windham,685,677,8,585,0,15,14,1
07/30/2020,1,Fairfield,17793,17147,646,1885,28,1406,1094,312
07/30/2020,2,Hartford,12645,12008,637,1416,12,1412,1093,319
07/30/2020,3,Litchfield,1597,1534,63,882,3,138,117,21
07/30/2020,4,Middlesex,1377,1316,61,846,5,191,153,38
07/30/2020,5,New Haven,13041,12636,405,1521,19,1101,951,150
07/30/2020,6,New London,1402,1339,63,526,2,103,77,26
07/30/2020,7,Tolland,1019,957,62,675,0,66,52,14
07/30/2020,8,Windham,693,685,8,592,0,15,14,1
08/02/2020,1,Fairfield,17870,17217,653,1893,13,1408,1096,312
08/02/2020,2,Hartford,12701,12061,640,1423,13,1412,1092,320
08/02/2020,3,Litchfield,1598,1535,63,882,1,138,117,21
08/02/2020,4,Middlesex,1388,1327,61,853,3,191,153,38
08/02/2020,5,New Haven,13086,12677,409,1526,23,1104,954,150
08/02/2020,6,New London,1414,1351,63,530,2,103,77,26
08/02/2020,7,Tolland,1050,989,61,696,0,66,52,14
08/02/2020,8,Windham,712,703,9,608,1,15,14,1
08/03/2020,1,Fairfield,17876,17223,653,1894,15,1408,1096,312
08/03/2020,2,Hartford,12711,12071,640,1424,14,1412,1092,320
08/03/2020,3,Litchfield,1600,1537,63,883,1,138,117,21
08/03/2020,4,Middlesex,1391,1330,61,855,4,191,153,38
08/03/2020,5,New Haven,13100,12692,408,1527,23,1104,954,150
08/03/2020,6,New London,1421,1358,63,533,2,103,77,26
08/03/2020,7,Tolland,1053,992,61,698,0,66,52,14
08/03/2020,8,Windham,716,707,9,612,1,15,14,1
08/04/2020,1,Fairfield,17912,17257,655,1898,9,1408,1096,312
08/04/2020,2,Hartford,12733,12094,639,1426,18,1412,1092,320
08/04/2020,3,Litchfield,1606,1543,63,887,1,138,117,21
08/04/2020,4,Middlesex,1396,1335,61,858,4,191,153,38
08/04/2020,5,New Haven,13118,12711,407,1530,21,1104,954,150
08/04/2020,6,New London,1428,1366,62,535,5,103,77,26
08/04/2020,7,Tolland,1056,995,61,700,0,66,52,14
08/04/2020,8,Windham,722,713,9,617,1,15,14,1
08/05/2020,1,Fairfield,17926,17270,656,1899,14,1406,1094,312
08/05/2020,2,Hartford,12745,12104,641,1428,20,1414,1094,320
08/05/2020,3,Litchfield,1607,1544,63,887,1,138,117,21
08/05/2020,4,Middlesex,1395,1334,61,858,7,191,153,38
08/05/2020,5,New Haven,13128,12719,409,1531,20,1104,954,150
08/05/2020,6,New London,1431,1369,62,536,4,103,77,26
08/05/2020,7,Tolland,1055,994,61,699,0,66,52,14
08/05/2020,8,Windham,724,715,9,619,0,15,14,1
08/06/2020,1,Fairfield,17956,17301,655,1902,12,1408,1096,312
08/06/2020,2,Hartford,12761,12119,642,1429,18,1415,1094,321
08/06/2020,3,Litchfield,1610,1547,63,889,1,138,117,21
08/06/2020,4,Middlesex,1396,1335,61,858,6,192,154,38
08/06/2020,5,New Haven,13145,12733,412,1533,22,1104,954,150
08/06/2020,6,New London,1433,1371,62,537,6,103,77,26
08/06/2020,7,Tolland,1056,995,61,700,0,66,52,14
08/06/2020,8,Windham,726,717,9,620,0,15,14,1
08/09/2020,1,Fairfield,18035,17376,659,1911,21,1409,1097,312
08/09/2020,2,Hartford,12800,12155,645,1434,13,1415,1094,321
08/09/2020,3,Litchfield,1615,1550,65,892,1,138,117,21
08/09/2020,4,Middlesex,1405,1343,62,864,10,192,154,38
08/09/2020,5,New Haven,13224,12807,417,1542,17,1106,955,151
08/09/2020,6,New London,1457,1395,62,546,2,103,77,26
08/09/2020,7,Tolland,1056,995,61,700,0,66,52,14
08/09/2020,8,Windham,738,729,9,631,0,15,14,1
08/10/2020,1,Fairfield,18081,17421,660,1916,24,1409,1097,312
08/10/2020,2,Hartford,12826,12183,643,1437,14,1415,1095,320
08/10/2020,3,Litchfield,1618,1553,65,893,1,138,117,21
08/10/2020,4,Middlesex,1408,1346,62,865,8,192,154,38
08/10/2020,5,New Haven,13240,12821,419,1544,20,1106,955,151
08/10/2020,6,New London,1467,1403,64,550,3,103,77,26
08/10/2020,7,Tolland,1056,995,61,700,0,66,52,14
08/10/2020,8,Windham,745,735,10,637,0,15,14,1
08/11/2020,1,Fairfield,18088,17427,661,1916,18,1410,1098,312
08/11/2020,2,Hartford,12830,12184,646,1437,15,1416,1096,320
08/11/2020,3,Litchfield,1617,1552,65,893,0,139,118,21
08/11/2020,4,Middlesex,1408,1345,63,865,8,192,154,38
08/11/2020,5,New Haven,13254,12834,420,1545,14,1109,957,152
08/11/2020,6,New London,1469,1404,65,551,3,104,78,26
08/11/2020,7,Tolland,1056,995,61,700,0,65,51,14
08/11/2020,8,Windham,748,738,10,639,0,15,14,1
08/12/2020,1,Fairfield,18126,17461,665,1920,21,1410,1098,312
08/12/2020,2,Hartford,12855,12207,648,1440,16,1416,1096,320
08/12/2020,3,Litchfield,1620,1554,66,894,0,139,118,21
08/12/2020,4,Middlesex,1411,1348,63,867,8,192,154,38
08/12/2020,5,New Haven,13272,12852,420,1548,16,1109,957,152
08/12/2020,6,New London,1475,1410,65,553,2,104,78,26
08/12/2020,7,Tolland,1056,995,61,700,0,65,51,14
08/12/2020,8,Windham,751,741,10,642,0,15,14,1
08/13/2020,1,Fairfield,18160,17494,666,1924,17,1410,1098,312
08/13/2020,2,Hartford,12871,12221,650,1442,14,1419,1099,320
08/13/2020,3,Litchfield,1632,1565,67,901,0,139,118,21
08/13/2020,4,Middlesex,1414,1351,63,869,6,192,154,38
08/13/2020,5,New Haven,13316,12896,420,1553,17,1109,957,152
08/13/2020,6,New London,1477,1414,63,554,2,104,78,26
08/13/2020,7,Tolland,1056,995,61,700,0,65,51,14
08/13/2020,8,Windham,755,745,10,645,0,15,14,1
08/16/2020,1,Fairfield,18317,17648,669,1941,11,1411,1099,312
08/16/2020,2,Hartford,12956,12308,648,1451,7,1420,1100,320
08/16/2020,3,Litchfield,1637,1570,67,904,0,139,118,21
08/16/2020,4,Middlesex,1425,1363,62,876,4,192,154,38
08/16/2020,5,New Haven,13378,12956,422,1560,18,1109,957,152
08/16/2020,6,New London,1499,1433,66,562,2,105,79,26
08/16/2020,7,Tolland,1059,997,62,702,0,65,51,14
08/16/2020,8,Windham,762,752,10,651,0,15,14,1
08/17/2020,1,Fairfield,18322,17650,672,1941,14,1411,1098,313
08/17/2020,2,Hartford,12949,12301,648,1451,9,1420,1100,320
08/17/2020,3,Litchfield,1636,1569,67,903,0,139,118,21
08/17/2020,4,Middlesex,1424,1362,62,875,4,192,154,38
08/17/2020,5,New Haven,13376,12954,422,1560,18,1109,957,152
08/17/2020,6,New London,1497,1431,66,561,2,105,79,26
08/17/2020,7,Tolland,1075,1013,62,712,0,65,51,14
08/17/2020,8,Windham,762,752,10,651,0,15,14,1
08/18/2020,1,Fairfield,18347,17671,676,1944,12,1410,1097,313
08/18/2020,2,Hartford,12956,12308,648,1451,9,1419,1100,319
08/18/2020,3,Litchfield,1638,1570,68,904,0,139,118,21
08/18/2020,4,Middlesex,1425,1363,62,876,4,192,154,38
08/18/2020,5,New Haven,13388,12965,423,1561,21,1111,959,152
08/18/2020,6,New London,1499,1433,66,562,3,106,79,27
08/18/2020,7,Tolland,1081,1019,62,716,0,65,51,14
08/18/2020,8,Windham,767,757,10,655,0,15,14,1
08/19/2020,1,Fairfield,18401,17722,679,1950,11,1410,1097,313
08/19/2020,2,Hartford,12978,12330,648,1454,9,1420,1100,320
08/19/2020,3,Litchfield,1642,1573,69,907,0,139,118,21
08/19/2020,4,Middlesex,1425,1363,62,876,5,192,154,38
08/19/2020,5,New Haven,13422,12999,423,1565,20,1111,959,152
08/19/2020,6,New London,1503,1437,66,563,2,106,79,27
08/19/2020,7,Tolland,1082,1019,63,717,0,65,51,14
08/19/2020,8,Windham,767,757,10,655,0,15,14,1
08/20/2020,1,Fairfield,18434,17749,685,1953,12,1411,1098,313
08/20/2020,2,Hartford,13002,12355,647,1456,14,1422,1102,320
08/20/2020,3,Litchfield,1645,1576,69,908,0,139,118,21
08/20/2020,4,Middlesex,1426,1364,62,877,5,192,154,38
08/20/2020,5,New Haven,13442,13013,429,1567,20,1111,959,152
08/20/2020,6,New London,1505,1438,67,564,3,105,78,27
08/20/2020,7,Tolland,1083,1020,63,718,0,65,51,14
08/20/2020,8,Windham,768,758,10,656,0,15,14,1
08/23/2020,1,Fairfield,18605,17899,706,1971,12,1411,1098,313
08/23/2020,2,Hartford,13180,12532,648,1476,14,1422,1102,320
08/23/2020,3,Litchfield,1658,1588,70,915,0,139,118,21
08/23/2020,4,Middlesex,1434,1371,63,881,5,192,154,38
08/23/2020,5,New Haven,13518,13083,435,1576,22,1111,959,152
08/23/2020,6,New London,1517,1450,67,569,4,105,78,27
08/23/2020,7,Tolland,1085,1023,62,719,0,65,51,14
08/23/2020,8,Windham,780,770,10,667,0,15,14,1
08/24/2020,1,Fairfield,18622,17916,706,1973,15,1412,1099,313
08/24/2020,2,Hartford,13184,12538,646,1477,15,1424,1105,319
08/24/2020,3,Litchfield,1658,1588,70,915,0,139,118,21
08/24/2020,4,Middlesex,1436,1373,63,883,5,192,154,38
08/24/2020,5,New Haven,13524,13091,433,1577,20,1110,960,150
08/24/2020,6,New London,1520,1453,67,570,4,106,79,27
08/24/2020,7,Tolland,1090,1028,62,722,0,65,51,14
08/24/2020,8,Windham,780,770,10,667,0,15,14,1
08/25/2020,1,Fairfield,18667,17955,712,1978,16,1413,1099,314
08/25/2020,2,Hartford,13273,12627,646,1487,15,1424,1105,319
08/25/2020,3,Litchfield,1662,1590,72,918,0,139,118,21
08/25/2020,4,Middlesex,1437,1374,63,883,4,192,154,38
08/25/2020,5,New Haven,13556,13118,438,1581,19,1109,959,150
08/25/2020,6,New London,1526,1458,68,572,3,106,79,27
08/25/2020,7,Tolland,1093,1027,66,724,0,65,51,14
08/25/2020,8,Windham,785,775,10,671,0,15,14,1
08/26/2020,1,Fairfield,18721,18005,716,1984,15,1413,1099,314
08/26/2020,2,Hartford,13307,12660,647,1491,14,1426,1105,321
08/26/2020,3,Litchfield,1673,1600,73,924,0,139,118,21
08/26/2020,4,Middlesex,1438,1375,63,884,2,192,154,38
08/26/2020,5,New Haven,13584,13143,441,1584,21,1109,959,150
08/26/2020,6,New London,1526,1459,67,572,4,106,79,27
08/26/2020,7,Tolland,1112,1045,67,737,0,65,51,14
08/26/2020,8,Windham,785,775,10,671,0,15,14,1
08/27/2020,1,Fairfield,18774,18049,725,1989,14,1413,1099,314
08/27/2020,2,Hartford,13392,12739,653,1500,17,1426,1105,321
08/27/2020,3,Litchfield,1688,1614,74,932,1,139,118,21
08/27/2020,4,Middlesex,1446,1382,64,889,2,192,154,38
08/27/2020,5,New Haven,13622,13177,445,1588,22,1109,959,150
08/27/2020,6,New London,1554,1486,68,582,3,106,79,27
08/27/2020,7,Tolland,1126,1059,67,746,0,65,51,14
08/27/2020,8,Windham,789,779,10,674,1,15,14,1
08/30/2020,1,Fairfield,18903,18165,738,2003,14,1414,1100,314
08/30/2020,2,Hartford,13504,12845,659,1513,13,1425,1104,321
08/30/2020,3,Litchfield,1709,1636,73,944,1,138,118,20
08/30/2020,4,Middlesex,1455,1391,64,894,4,192,154,38
08/30/2020,5,New Haven,13675,13230,445,1595,16,1109,959,150
08/30/2020,6,New London,1577,1509,68,591,4,107,80,27
08/30/2020,7,Tolland,1145,1078,67,759,0,65,51,14
08/30/2020,8,Windham,801,791,10,684,0,15,14,1
08/31/2020,1,Fairfield,18939,18204,735,2007,13,1415,1101,314
08/31/2020,2,Hartford,13529,12870,659,1516,15,1425,1104,321
08/31/2020,3,Litchfield,1713,1640,73,946,1,138,118,20
08/31/2020,4,Middlesex,1466,1402,64,901,5,192,154,38
08/31/2020,5,New Haven,13711,13266,445,1599,17,1109,959,150
08/31/2020,6,New London,1587,1519,68,595,4,107,80,27
08/31/2020,7,Tolland,1147,1080,67,760,0,65,51,14
08/31/2020,8,Windham,807,797,10,690,1,15,14,1
09/01/2020,1,Fairfield,18965,18229,736,2009,16,1415,1101,314
09/01/2020,2,Hartford,13561,12901,660,1519,14,1426,1105,321
09/01/2020,3,Litchfield,1717,1644,73,948,2,138,118,20
09/01/2020,4,Middlesex,1469,1405,64,903,5,192,154,38
09/01/2020,5,New Haven,13736,13288,448,1602,22,1109,959,150
09/01/2020,6,New London,1590,1522,68,596,6,107,80,27
09/01/2020,7,Tolland,1153,1085,68,764,0,65,51,14
09/01/2020,8,Windham,810,800,10,692,0,15,14,1
09/02/2020,1,Fairfield,18995,18257,738,2013,16,1415,1101,314
09/02/2020,2,Hartford,13598,12938,660,1523,16,1426,1105,321
09/02/2020,3,Litchfield,1721,1648,73,950,3,139,119,20
09/02/2020,4,Middlesex,1469,1405,64,903,5,192,154,38
09/02/2020,5,New Haven,13763,13314,449,1605,18,1109,959,150
09/02/2020,6,New London,1598,1530,68,599,7,107,80,27
09/02/2020,7,Tolland,1158,1089,69,767,0,65,51,14
09/02/2020,8,Windham,810,800,10,692,0,15,14,1
09/03/2020,1,Fairfield,19031,18292,739,2016,14,1415,1101,314
09/03/2020,2,Hartford,13635,12972,663,1527,15,1426,1105,321
09/03/2020,3,Litchfield,1728,1654,74,954,2,139,119,20
09/03/2020,4,Middlesex,1484,1419,65,912,6,192,154,38
09/03/2020,5,New Haven,13793,13339,454,1608,14,1109,959,150
09/03/2020,6,New London,1620,1552,68,607,7,107,80,27
09/03/2020,7,Tolland,1161,1092,69,769,0,65,51,14
09/03/2020,8,Windham,813,803,10,695,0,15,14,1
09/07/2020,1,Fairfield,19135,18385,750,2027,8,1417,1103,314
09/07/2020,2,Hartford,13771,13099,672,1543,16,1428,1107,321
09/07/2020,3,Litchfield,1751,1673,78,967,4,139,119,20
09/07/2020,4,Middlesex,1496,1431,65,920,2,193,155,38
09/07/2020,5,New Haven,13858,13390,468,1616,14,1109,959,150
09/07/2020,6,New London,1643,1575,68,616,6,108,81,27
09/07/2020,7,Tolland,1191,1118,73,789,0,65,51,14
09/07/2020,8,Windham,825,815,10,705,0,15,14,1
09/08/2020,1,Fairfield,19159,18405,754,2030,9,1417,1103,314
09/08/2020,2,Hartford,13796,13123,673,1545,20,1428,1107,321
09/08/2020,3,Litchfield,1752,1673,79,967,5,139,119,20
09/08/2020,4,Middlesex,1499,1434,65,921,2,193,155,38
09/08/2020,5,New Haven,13877,13407,470,1618,15,1109,959,150
09/08/2020,6,New London,1649,1581,68,618,6,108,81,27
09/08/2020,7,Tolland,1200,1118,82,795,0,65,51,14
09/08/2020,8,Windham,828,818,10,708,0,15,14,1
09/09/2020,1,Fairfield,19260,18495,765,2041,9,1417,1103,314
09/09/2020,2,Hartford,13853,13186,667,1552,15,1430,1109,321
09/09/2020,3,Litchfield,1763,1684,79,973,5,139,119,20
09/09/2020,4,Middlesex,1505,1440,65,925,1,193,155,38
09/09/2020,5,New Haven,13917,13445,472,1623,14,1110,960,150
09/09/2020,6,New London,1649,1581,68,618,8,109,82,27
09/09/2020,7,Tolland,1215,1128,87,805,0,65,51,14
09/09/2020,8,Windham,828,818,10,708,0,15,14,1
09/10/2020,1,Fairfield,19360,18589,771,2051,11,1418,1104,314
09/10/2020,2,Hartford,13886,13220,666,1556,16,1430,1109,321
09/10/2020,3,Litchfield,1773,1692,81,979,4,139,119,20
09/10/2020,4,Middlesex,1512,1447,65,929,1,193,155,38
09/10/2020,5,New Haven,13961,13486,475,1628,13,1110,960,150
09/10/2020,6,New London,1651,1583,68,619,6,110,83,27
09/10/2020,7,Tolland,1232,1140,92,816,0,65,51,14
09/10/2020,8,Windham,844,834,10,721,0,15,14,1
09/13/2020,1,Fairfield,19518,18739,779,2068,15,1419,1105,314
09/13/2020,2,Hartford,14060,13389,671,1575,22,1431,1109,322
09/13/2020,3,Litchfield,1793,1708,85,990,3,140,119,21
09/13/2020,4,Middlesex,1524,1456,68,937,2,193,154,39
09/13/2020,5,New Haven,14059,13574,485,1639,16,1111,955,156
09/13/2020,6,New London,1677,1608,69,629,5,111,83,28
09/13/2020,7,Tolland,1270,1171,99,841,0,65,51,14
09/13/2020,8,Windham,868,858,10,742,1,15,14,1
09/14/2020,1,Fairfield,19558,18782,776,2072,12,1419,1105,314
09/14/2020,2,Hartford,14099,13429,670,1579,28,1431,1109,322
09/14/2020,3,Litchfield,1798,1715,83,993,2,140,119,21
09/14/2020,4,Middlesex,1527,1459,68,939,2,193,154,39
09/14/2020,5,New Haven,14082,13596,486,1642,22,1111,955,156
09/14/2020,6,New London,1682,1613,69,630,4,111,83,28
09/14/2020,7,Tolland,1281,1185,96,849,0,65,51,14
09/14/2020,8,Windham,878,868,10,750,1,15,14,1
09/15/2020,1,Fairfield,19611,18826,785,2078,10,1419,1105,314
09/15/2020,2,Hartford,14130,13456,674,1583,29,1433,1111,322
09/15/2020,3,Litchfield,1804,1717,87,996,2,140,119,21
09/15/2020,4,Middlesex,1531,1462,69,941,3,193,154,39
09/15/2020,5,New Haven,14102,13612,490,1644,21,1111,955,156
09/15/2020,6,New London,1689,1620,69,633,4,111,83,28
09/15/2020,7,Tolland,1283,1185,98,850,0,65,51,14
09/15/2020,8,Windham,884,874,10,755,1,15,14,1
09/16/2020,1,Fairfield,19678,18892,786,2085,16,1419,1105,314
09/16/2020,2,Hartford,14205,13528,677,1591,27,1434,1112,322
09/16/2020,3,Litchfield,1815,1727,88,1002,2,140,119,21
09/16/2020,4,Middlesex,1537,1468,69,945,4,193,154,39
09/16/2020,5,New Haven,14145,13651,494,1649,21,1111,955,156
09/16/2020,6,New London,1705,1635,70,639,4,111,83,28
09/16/2020,7,Tolland,1289,1189,100,854,0,65,51,14
09/16/2020,8,Windham,890,880,10,761,1,15,14,1
09/17/2020,1,Fairfield,19716,18927,789,2089,17,1420,1106,314
09/17/2020,2,Hartford,14253,13576,677,1597,27,1434,1112,322
09/17/2020,3,Litchfield,1822,1733,89,1006,1,140,119,21
09/17/2020,4,Middlesex,1542,1472,70,948,4,193,154,39
09/17/2020,5,New Haven,14164,13667,497,1652,25,1111,955,156
09/17/2020,6,New London,1717,1646,71,644,2,114,86,28
09/17/2020,7,Tolland,1293,1192,101,857,0,65,51,14
09/17/2020,8,Windham,899,889,10,768,1,15,14,1
09/20/2020,1,Fairfield,19848,19053,795,2103,16,1420,1106,314
09/20/2020,2,Hartford,14370,13691,679,1610,21,1434,1112,322
09/20/2020,3,Litchfield,1841,1750,91,1017,1,140,119,21
09/20/2020,4,Middlesex,1552,1483,69,954,2,193,154,39
09/20/2020,5,New Haven,14261,13761,500,1663,21,1112,956,156
09/20/2020,6,New London,1774,1701,73,665,4,114,86,28
09/20/2020,7,Tolland,1312,1202,110,869,0,66,52,14
09/20/2020,8,Windham,924,913,11,790,3,15,14,1
09/21/2020,1,Fairfield,19891,19093,798,2107,17,1421,1107,314
09/21/2020,2,Hartford,14414,13729,685,1615,22,1434,1112,322
09/21/2020,3,Litchfield,1845,1754,91,1019,1,140,119,21
09/21/2020,4,Middlesex,1556,1487,69,956,2,193,154,39
09/21/2020,5,New Haven,14278,13777,501,1665,17,1113,957,156
09/21/2020,6,New London,1782,1709,73,668,8,114,86,28
09/21/2020,7,Tolland,1323,1209,114,877,0,66,52,14
09/21/2020,8,Windham,934,923,11,798,3,15,14,1
09/22/2020,1,Fairfield,19949,19147,802,2114,17,1421,1107,314
09/22/2020,2,Hartford,14456,13775,681,1619,26,1434,1112,322
09/22/2020,3,Litchfield,1849,1758,91,1021,1,140,119,21
09/22/2020,4,Middlesex,1560,1491,69,959,3,193,154,39
09/22/2020,5,New Haven,14294,13792,502,1667,14,1114,957,157
09/22/2020,6,New London,1803,1730,73,676,9,114,86,28
09/22/2020,7,Tolland,1328,1215,113,880,0,66,52,14
09/22/2020,8,Windham,941,930,11,804,3,15,14,1
09/23/2020,1,Fairfield,19985,19178,807,2117,14,1421,1107,314
09/23/2020,2,Hartford,14506,13821,685,1625,28,1434,1112,322
09/23/2020,3,Litchfield,1856,1763,93,1025,0,141,120,21
09/23/2020,4,Middlesex,1564,1495,69,961,1,193,154,39
09/23/2020,5,New Haven,14319,13816,503,1670,14,1115,958,157
09/23/2020,6,New London,1830,1756,74,686,11,114,86,28
09/23/2020,7,Tolland,1334,1221,113,884,0,66,52,14
09/23/2020,8,Windham,948,937,11,810,4,15,14,1
09/24/2020,1,Fairfield,20015,19205,810,2121,15,1422,1108,314
09/24/2020,2,Hartford,14539,13854,685,1629,30,1434,1112,322
09/24/2020,3,Litchfield,1857,1764,93,1025,0,141,120,21
09/24/2020,4,Middlesex,1566,1497,69,963,2,193,154,39
09/24/2020,5,New Haven,14340,13830,510,1672,14,1115,958,157
09/24/2020,6,New London,1843,1769,74,691,11,114,86,28
09/24/2020,7,Tolland,1337,1223,114,886,0,67,52,15
09/24/2020,8,Windham,958,946,12,819,4,15,14,1
09/27/2020,1,Fairfield,20141,19324,817,2134,16,1422,1108,314
09/27/2020,2,Hartford,14670,13981,689,1643,25,1434,1112,322
09/27/2020,3,Litchfield,1872,1777,95,1034,0,141,120,21
09/27/2020,4,Middlesex,1583,1511,72,973,3,193,154,39
09/27/2020,5,New Haven,14434,13907,527,1683,16,1115,958,157
09/27/2020,6,New London,1959,1882,77,734,14,115,87,28
09/27/2020,7,Tolland,1356,1245,111,898,0,67,52,15
09/27/2020,8,Windham,985,973,12,842,1,16,15,1
09/28/2020,1,Fairfield,20190,19370,820,2139,20,1422,1108,314
09/28/2020,2,Hartford,14737,14045,692,1651,31,1436,1114,322
09/28/2020,3,Litchfield,1874,1779,95,1035,0,141,120,21
09/28/2020,4,Middlesex,1588,1516,72,976,5,193,154,39
09/28/2020,5,New Haven,14451,13923,528,1685,21,1115,958,157
09/28/2020,6,New London,1994,1917,77,747,13,115,87,28
09/28/2020,7,Tolland,1359,1249,110,900,0,67,52,15
09/28/2020,8,Windham,990,978,12,846,2,16,15,1
09/29/2020,1,Fairfield,20225,19403,822,2143,23,1422,1108,314
09/29/2020,2,Hartford,14801,14107,694,1658,38,1437,1115,322
09/29/2020,3,Litchfield,1884,1785,99,1040,1,141,120,21
09/29/2020,4,Middlesex,1599,1526,73,983,5,193,154,39
09/29/2020,5,New Haven,14477,13947,530,1688,19,1115,958,157
09/29/2020,6,New London,2053,1976,77,770,16,117,88,29
09/29/2020,7,Tolland,1363,1253,110,903,0,67,52,15
09/29/2020,8,Windham,997,985,12,852,2,16,15,1
09/30/2020,1,Fairfield,20264,19436,828,2147,20,1422,1108,314
09/30/2020,2,Hartford,14874,14175,699,1666,39,1439,1117,322
09/30/2020,3,Litchfield,1890,1791,99,1044,2,141,120,21
09/30/2020,4,Middlesex,1604,1531,73,986,5,193,154,39
09/30/2020,5,New Haven,14520,13987,533,1693,24,1115,958,157
09/30/2020,6,New London,2087,2009,78,782,15,118,89,29
09/30/2020,7,Tolland,1370,1260,110,908,0,67,52,15
09/30/2020,8,Windham,1004,992,12,858,2,16,15,1
10/01/2020,1,Fairfield,20400,19574,826,2161,22,1423,1109,314
10/01/2020,2,Hartford,14989,14293,696,1679,41,1439,1117,322
10/01/2020,3,Litchfield,1899,1802,97,1049,2,141,120,21
10/01/2020,4,Middlesex,1614,1541,73,992,3,193,154,39
10/01/2020,5,New Haven,14583,14044,539,1700,23,1115,958,157
10/01/2020,6,New London,2206,2126,80,827,17,119,89,30
10/01/2020,7,Tolland,1449,1342,107,960,0,67,52,15
10/01/2020,8,Windham,1025,1013,12,876,2,16,15,1
10/04/2020,1,Fairfield,20587,19770,817,2181,25,1423,1110,313
10/04/2020,2,Hartford,15235,14542,693,1707,41,1440,1118,322
10/04/2020,3,Litchfield,1921,1832,89,1061,3,141,120,21
10/04/2020,4,Middlesex,1627,1554,73,1000,4,193,154,39
10/04/2020,5,New Haven,14715,14180,535,1716,28,1115,958,157
10/04/2020,6,New London,2349,2268,81,880,26,122,92,30
10/04/2020,7,Tolland,1473,1365,108,976,0,67,52,15
10/04/2020,8,Windham,1056,1044,12,902,2,16,15,1
10/05/2020,1,Fairfield,20587,19768,819,2181,26,1425,1112,313
10/05/2020,2,Hartford,15272,14583,689,1711,38,1440,1118,322
10/05/2020,3,Litchfield,1911,1823,88,1055,2,141,120,21
10/05/2020,4,Middlesex,1631,1560,71,1003,4,193,154,39
10/05/2020,5,New Haven,14722,14184,538,1717,30,1115,958,157
10/05/2020,6,New London,2413,2331,82,904,27,124,94,30
10/05/2020,7,Tolland,1477,1370,107,979,0,67,52,15
10/05/2020,8,Windham,1072,1059,13,916,2,16,15,1
10/06/2020,1,Fairfield,20612,19792,820,2184,25,1425,1112,313
10/06/2020,2,Hartford,15341,14657,684,1719,44,1440,1118,322
10/06/2020,3,Litchfield,1915,1827,88,1057,1,141,120,21
10/06/2020,4,Middlesex,1635,1564,71,1005,6,193,154,39
10/06/2020,5,New Haven,14749,14212,537,1720,32,1115,958,157
10/06/2020,6,New London,2426,2344,82,909,28,124,94,30
10/06/2020,7,Tolland,1484,1377,107,983,0,67,52,15
10/06/2020,8,Windham,1079,1066,13,922,2,17,16,1
10/07/2020,1,Fairfield,20701,19870,831,2193,24,1425,1112,313
10/07/2020,2,Hartford,15434,14748,686,1729,36,1442,1120,322
10/07/2020,3,Litchfield,1916,1829,87,1058,1,141,120,21
10/07/2020,4,Middlesex,1652,1582,70,1015,6,193,154,39
10/07/2020,5,New Haven,14830,14294,536,1729,31,1117,960,157
10/07/2020,6,New London,2515,2433,82,943,27,125,95,30
10/07/2020,7,Tolland,1494,1387,107,990,0,67,52,15
10/07/2020,8,Windham,1097,1084,13,937,3,17,16,1
10/08/2020,1,Fairfield,20752,19914,838,2199,35,1426,1112,314
10/08/2020,2,Hartford,15520,14828,692,1739,32,1442,1120,322
10/08/2020,3,Litchfield,1919,1832,87,1060,1,141,120,21
10/08/2020,4,Middlesex,1667,1596,71,1025,5,193,154,39
10/08/2020,5,New Haven,14877,14335,542,1735,31,1118,961,157
10/08/2020,6,New London,2570,2487,83,963,25,126,96,30
10/08/2020,7,Tolland,1502,1393,109,995,1,67,52,15
10/08/2020,8,Windham,1108,1095,13,947,4,17,16,1
10/11/2020,1,Fairfield,21052,20206,846,2231,42,1426,1112,314
10/11/2020,2,Hartford,15836,15132,704,1774,38,1443,1121,322
10/11/2020,3,Litchfield,1940,1850,90,1071,0,141,120,21
10/11/2020,4,Middlesex,1709,1638,71,1051,9,193,154,39
10/11/2020,5,New Haven,15164,14634,530,1768,36,1119,962,157
10/11/2020,6,New London,2837,2754,83,1063,25,126,96,30
10/11/2020,7,Tolland,1520,1411,109,1007,1,67,52,15
10/11/2020,8,Windham,1157,1142,15,989,4,17,16,1
10/12/2020,1,Fairfield,21104,20261,843,2236,45,1426,1112,314
10/12/2020,2,Hartford,15949,15240,709,1787,46,1443,1121,322
10/12/2020,3,Litchfield,1952,1861,91,1078,0,141,120,21
10/12/2020,4,Middlesex,1714,1643,71,1054,8,193,154,39
10/12/2020,5,New Haven,15223,14691,532,1775,44,1119,962,157
10/12/2020,6,New London,2905,2821,84,1089,25,127,97,30
10/12/2020,7,Tolland,1534,1423,111,1016,1,67,52,15
10/12/2020,8,Windham,1176,1161,15,1005,3,17,16,1
10/13/2020,1,Fairfield,21128,20279,849,2239,47,1427,1113,314
10/13/2020,2,Hartford,16010,15299,711,1793,57,1443,1121,322
10/13/2020,3,Litchfield,1956,1864,92,1080,0,142,121,21
10/13/2020,4,Middlesex,1720,1649,71,1057,7,193,154,39
10/13/2020,5,New Haven,15263,14726,537,1780,47,1119,962,157
10/13/2020,6,New London,2918,2831,87,1094,26,129,98,31
10/13/2020,7,Tolland,1535,1424,111,1017,1,67,52,15
10/13/2020,8,Windham,1183,1168,15,1011,3,17,16,1
10/14/2020,1,Fairfield,21183,20324,859,2244,48,1427,1113,314
10/14/2020,2,Hartford,16058,15344,714,1799,61,1445,1123,322
10/14/2020,3,Litchfield,1959,1867,92,1082,0,143,122,21
10/14/2020,4,Middlesex,1733,1661,72,1065,8,193,154,39
10/14/2020,5,New Haven,15310,14763,547,1785,46,1119,962,157
10/14/2020,6,New London,2924,2834,90,1096,23,129,98,31
10/14/2020,7,Tolland,1539,1428,111,1020,1,67,52,15
10/14/2020,8,Windham,1193,1177,16,1019,4,17,16,1
10/15/2020,1,Fairfield,21368,20503,865,2264,48,1427,1113,314
10/15/2020,2,Hartford,16273,15551,722,1823,54,1445,1123,322
10/15/2020,3,Litchfield,1991,1900,91,1099,0,143,122,21
10/15/2020,4,Middlesex,1754,1681,73,1078,4,194,155,39
10/15/2020,5,New Haven,15455,14904,551,1802,49,1119,962,157
10/15/2020,6,New London,3083,2994,89,1156,23,130,98,32
10/15/2020,7,Tolland,1565,1453,112,1037,1,67,52,15
10/15/2020,8,Windham,1216,1201,15,1039,5,17,16,1
10/18/2020,1,Fairfield,21674,20791,883,2296,51,1429,1115,314
10/18/2020,2,Hartford,16568,15833,735,1856,65,1449,1126,323
10/18/2020,3,Litchfield,2033,1942,91,1123,1,143,122,21
10/18/2020,4,Middlesex,1809,1733,76,1112,4,195,156,39
10/18/2020,5,New Haven,15680,15110,570,1828,46,1120,963,157
10/18/2020,6,New London,3234,3145,89,1212,20,134,102,32
10/18/2020,7,Tolland,1600,1486,114,1060,3,67,52,15
10/18/2020,8,Windham,1266,1251,15,1082,5,17,16,1
10/19/2020,1,Fairfield,21754,20873,881,2305,54,1428,1114,314
10/19/2020,2,Hartford,16717,15975,742,1873,71,1453,1131,322
10/19/2020,3,Litchfield,2051,1958,93,1132,2,143,122,21
10/19/2020,4,Middlesex,1830,1752,78,1125,5,196,157,39
10/19/2020,5,New Haven,15792,15225,567,1841,54,1120,963,157
10/19/2020,6,New London,3281,3192,89,1230,24,134,102,32
10/19/2020,7,Tolland,1617,1498,119,1071,3,68,53,15
10/19/2020,8,Windham,1272,1257,15,1087,4,17,16,1
10/20/2020,1,Fairfield,21898,21014,884,2320,53,1429,1115,314
10/20/2020,2,Hartford,16795,16051,744,1881,76,1459,1137,322
10/20/2020,3,Litchfield,2064,1971,93,1140,2,143,122,21
10/20/2020,4,Middlesex,1838,1758,80,1130,3,196,157,39
10/20/2020,5,New Haven,15876,15305,571,1851,51,1121,964,157
10/20/2020,6,New London,3329,3238,91,1248,22,134,102,32
10/20/2020,7,Tolland,1638,1517,121,1085,3,68,53,15
10/20/2020,8,Windham,1280,1263,17,1094,3,17,16,1
10/21/2020,1,Fairfield,22088,21195,893,2340,55,1429,1115,314
10/21/2020,2,Hartford,16911,16164,747,1894,82,1459,1137,322
10/21/2020,3,Litchfield,2086,1992,94,1152,3,143,122,21
10/21/2020,4,Middlesex,1853,1772,81,1139,3,196,157,39
10/21/2020,5,New Haven,15952,15373,579,1860,60,1122,964,158
10/21/2020,6,New London,3386,3296,90,1269,23,135,103,32
10/21/2020,7,Tolland,1655,1533,122,1097,2,68,53,15
10/21/2020,8,Windham,1305,1288,17,1115,4,17,16,1
10/22/2020,1,Fairfield,22322,21408,914,2365,56,1430,1116,314
10/22/2020,2,Hartford,17062,16311,751,1911,83,1464,1142,322
10/22/2020,3,Litchfield,2116,2022,94,1168,2,143,122,21
10/22/2020,4,Middlesex,1873,1790,83,1151,2,196,157,39
10/22/2020,5,New Haven,16073,15477,596,1874,63,1123,965,158
10/22/2020,6,New London,3456,3364,92,1295,23,136,103,33
10/22/2020,7,Tolland,1689,1567,122,1119,2,68,53,15
10/22/2020,8,Windham,1324,1307,17,1131,2,17,16,1
10/25/2020,1,Fairfield,22893,21994,899,2426,66,1431,1116,315
10/25/2020,2,Hartford,17516,16754,762,1962,95,1469,1146,323
10/25/2020,3,Litchfield,2192,2099,93,1210,1,143,122,21
10/25/2020,4,Middlesex,1937,1853,84,1191,4,196,157,39
10/25/2020,5,New Haven,16594,15997,597,1935,75,1126,968,158
10/25/2020,6,New London,3660,3567,93,1372,24,138,104,34
10/25/2020,7,Tolland,1724,1599,125,1142,2,68,53,15
10/25/2020,8,Windham,1394,1377,17,1191,3,17,16,1
10/26/2020,1,Fairfield,23090,22166,924,2446,68,1433,1117,316
10/26/2020,2,Hartford,17672,16895,777,1980,106,1470,1146,324
10/26/2020,3,Litchfield,2209,2112,97,1220,1,143,122,21
10/26/2020,4,Middlesex,1957,1870,87,1203,3,197,158,39
10/26/2020,5,New Haven,16715,16108,607,1949,83,1126,968,158
10/26/2020,6,New London,3695,3600,95,1385,24,140,106,34
10/26/2020,7,Tolland,1738,1613,125,1152,3,68,53,15
10/26/2020,8,Windham,1408,1391,17,1203,4,18,17,1
10/27/2020,1,Fairfield,23280,22340,940,2467,69,1435,1119,316
10/27/2020,2,Hartford,17783,17005,778,1992,114,1474,1151,323
10/27/2020,3,Litchfield,2228,2127,101,1230,2,143,122,21
10/27/2020,4,Middlesex,1965,1878,87,1208,4,197,158,39
10/27/2020,5,New Haven,16837,16220,617,1963,90,1128,970,158
10/27/2020,6,New London,3715,3620,95,1393,22,140,106,34
10/27/2020,7,Tolland,1750,1623,127,1160,2,68,53,15
10/27/2020,8,Windham,1419,1401,18,1213,6,19,18,1
10/28/2020,1,Fairfield,23895,22538,1357,2532,77,1435,1119,316
10/28/2020,2,Hartford,17995,17129,866,2016,119,1479,1156,323
10/28/2020,3,Litchfield,2279,2135,144,1258,2,143,122,21
10/28/2020,4,Middlesex,1992,1898,94,1224,4,197,158,39
10/28/2020,5,New Haven,17156,16338,818,2000,92,1128,970,158
10/28/2020,6,New London,3765,3660,105,1411,18,140,106,34
10/28/2020,7,Tolland,1764,1631,133,1169,2,68,53,15
10/28/2020,8,Windham,1445,1425,20,1235,7,19,18,1
10/29/2020,1,Fairfield,24155,22737,1418,2559,83,1436,1120,316
10/29/2020,2,Hartford,18184,17297,887,2037,117,1481,1158,323
10/29/2020,3,Litchfield,2305,2158,147,1273,2,144,123,21
10/29/2020,4,Middlesex,2018,1922,96,1240,5,197,158,39
10/29/2020,5,New Haven,17352,16489,863,2023,96,1128,970,158
10/29/2020,6,New London,3803,3695,108,1425,17,143,108,35
10/29/2020,7,Tolland,1780,1648,132,1179,3,68,53,15
10/29/2020,8,Windham,1469,1449,20,1255,6,19,18,1
11/01/2020,1,Fairfield,25048,23429,1619,2654,93,1439,1122,317
11/01/2020,2,Hartford,18739,17808,931,2099,103,1488,1164,324
11/01/2020,3,Litchfield,2404,2248,156,1327,0,145,124,21
11/01/2020,4,Middlesex,2092,1996,96,1286,5,197,158,39
11/01/2020,5,New Haven,18048,17105,943,2104,112,1128,970,158
11/01/2020,6,New London,3955,3848,107,1482,18,142,108,34
11/01/2020,7,Tolland,1825,1689,136,1209,0,68,53,15
11/01/2020,8,Windham,1528,1506,22,1306,9,19,18,1
11/02/2020,1,Fairfield,25365,23729,1636,2687,107,1442,1125,317
11/02/2020,2,Hartford,19043,18083,960,2133,111,1491,1167,324
11/02/2020,3,Litchfield,2430,2274,156,1342,1,145,124,21
11/02/2020,4,Middlesex,2129,2029,100,1309,9,197,158,39
11/02/2020,5,New Haven,18244,17292,952,2127,127,1130,972,158
11/02/2020,6,New London,4041,3933,108,1515,19,143,109,34
11/02/2020,7,Tolland,1849,1710,139,1225,0,68,53,15
11/02/2020,8,Windham,1557,1532,25,1330,7,19,18,1
11/03/2020,1,Fairfield,25538,23890,1648,2706,96,1443,1126,317
11/03/2020,2,Hartford,19131,18168,963,2143,118,1496,1172,324
11/03/2020,3,Litchfield,2448,2290,158,1352,4,145,124,21
11/03/2020,4,Middlesex,2145,2047,98,1319,8,197,158,39
11/03/2020,5,New Haven,18374,17403,971,2142,121,1132,974,158
11/03/2020,6,New London,4068,3959,109,1525,17,144,110,34
11/03/2020,7,Tolland,1864,1722,142,1235,0,68,53,15
11/03/2020,8,Windham,1566,1540,26,1338,10,20,19,1
11/04/2020,1,Fairfield,26120,24226,1894,2767,107,1445,1127,318
11/04/2020,2,Hartford,19511,18399,1112,2186,116,1498,1173,325
11/04/2020,3,Litchfield,2531,2350,181,1397,4,146,125,21
11/04/2020,4,Middlesex,2182,2077,105,1341,2,198,159,39
11/04/2020,5,New Haven,18862,17722,1140,2199,122,1135,976,159
11/04/2020,6,New London,4141,4009,132,1552,20,146,112,34
11/04/2020,7,Tolland,1922,1743,179,1274,0,68,53,15
11/04/2020,8,Windham,1589,1558,31,1358,9,20,19,1
11/05/2020,1,Fairfield,26435,24473,1962,2801,110,1447,1128,319
11/05/2020,2,Hartford,19769,18645,1124,2215,113,1505,1179,326
11/05/2020,3,Litchfield,2559,2378,181,1413,3,146,125,21
11/05/2020,4,Middlesex,2231,2124,107,1371,8,198,159,39
11/05/2020,5,New Haven,19154,17984,1170,2233,134,1137,978,159
11/05/2020,6,New London,4220,4084,136,1582,25,149,115,34
11/05/2020,7,Tolland,1940,1757,183,1285,0,68,53,15
11/05/2020,8,Windham,1610,1580,30,1376,9,21,20,1
11/08/2020,1,Fairfield,27652,25529,2123,2930,142,1450,1129,321
11/08/2020,2,Hartford,20409,19252,1157,2286,124,1518,1192,326
11/08/2020,3,Litchfield,2704,2514,190,1493,7,148,127,21
11/08/2020,4,Middlesex,2335,2219,116,1435,8,198,159,39
11/08/2020,5,New Haven,20053,18818,1235,2338,180,1144,982,162
11/08/2020,6,New London,4326,4186,140,1622,25,150,116,34
11/08/2020,7,Tolland,1991,1805,186,1319,2,68,53,15
11/08/2020,8,Windham,1685,1656,29,1440,8,21,20,1
11/09/2020,1,Fairfield,28178,26036,2142,2986,155,1451,1130,321
11/09/2020,2,Hartford,20768,19605,1163,2326,143,1522,1194,328
11/09/2020,3,Litchfield,2777,2582,195,1533,8,148,127,21
11/09/2020,4,Middlesex,2396,2277,119,1473,6,197,158,39
11/09/2020,5,New Haven,20434,19165,1269,2383,197,1148,985,163
11/09/2020,6,New London,4397,4256,141,1648,27,151,117,34
11/09/2020,7,Tolland,2031,1843,188,1346,2,68,53,15
11/09/2020,8,Windham,1715,1687,28,1465,10,22,21,1
11/10/2020,1,Fairfield,28731,26552,2179,3044,156,1451,1130,321
11/10/2020,2,Hartford,21212,20037,1175,2376,149,1525,1196,329
11/10/2020,3,Litchfield,2844,2635,209,1570,8,148,127,21
11/10/2020,4,Middlesex,2442,2320,122,1501,9,197,158,39
11/10/2020,5,New Haven,20892,19559,1333,2436,221,1151,987,164
11/10/2020,6,New London,4475,4335,140,1677,29,154,119,35
11/10/2020,7,Tolland,2089,1901,188,1384,2,68,53,15
11/10/2020,8,Windham,1738,1710,28,1485,10,22,21,1
11/11/2020,1,Fairfield,29008,26739,2269,3073,163,1455,1134,321
11/11/2020,2,Hartford,21516,20301,1215,2410,156,1525,1197,328
11/11/2020,3,Litchfield,2906,2682,224,1605,7,149,128,21
11/11/2020,4,Middlesex,2494,2360,134,1533,13,197,158,39
11/11/2020,5,New Haven,21237,19803,1434,2476,241,1155,987,168
11/11/2020,6,New London,4518,4376,142,1694,30,154,119,35
11/11/2020,7,Tolland,2125,1925,200,1408,1,68,53,15
11/11/2020,8,Windham,1776,1747,29,1518,6,23,22,1
11/12/2020,1,Fairfield,29842,27540,2302,3162,176,1454,1133,321
11/12/2020,2,Hartford,22083,20840,1243,2474,155,1532,1202,330
11/12/2020,3,Litchfield,3010,2781,229,1662,7,149,128,21
11/12/2020,4,Middlesex,2602,2465,137,1599,18,197,158,39
11/12/2020,5,New Haven,22015,20550,1465,2567,261,1157,989,168
11/12/2020,6,New London,4668,4527,141,1750,33,155,120,35
11/12/2020,7,Tolland,2209,2004,205,1464,2,69,54,15
11/12/2020,8,Windham,1837,1806,31,1570,7,24,23,1
11/15/2020,1,Fairfield,31212,28814,2398,3307,230,1459,1137,322
11/15/2020,2,Hartford,23266,21972,1294,2606,165,1538,1208,330
11/15/2020,3,Litchfield,3222,2986,236,1779,11,150,129,21
11/15/2020,4,Middlesex,2804,2652,152,1724,18,197,158,39
11/15/2020,5,New Haven,23113,21564,1549,2695,285,1167,998,169
11/15/2020,6,New London,4906,4766,140,1839,37,155,120,35
11/15/2020,7,Tolland,2389,2169,220,1583,2,69,54,15
11/15/2020,8,Windham,1951,1915,36,1667,9,24,23,1
11/16/2020,1,Fairfield,31773,29236,2537,3366,231,1460,1138,322
11/16/2020,2,Hartford,23636,22300,1336,2648,173,1541,1211,330
11/16/2020,3,Litchfield,3299,3047,252,1822,11,155,134,21
11/16/2020,4,Middlesex,2863,2708,155,1760,19,197,158,39
11/16/2020,5,New Haven,23593,21916,1677,2751,294,1168,999,169
11/16/2020,6,New London,4968,4828,140,1862,38,155,120,35
11/16/2020,7,Tolland,2418,2191,227,1602,1,70,55,15
11/16/2020,8,Windham,2000,1961,39,1709,10,25,24,1
11/17/2020,1,Fairfield,32369,29809,2560,3430,243,1463,1140,323
11/17/2020,2,Hartford,24154,22794,1360,2706,182,1544,1214,330
11/17/2020,3,Litchfield,3381,3129,252,1867,15,155,134,21
11/17/2020,4,Middlesex,2935,2775,160,1804,21,197,158,39
11/17/2020,5,New Haven,24115,22411,1704,2812,304,1172,1003,169
11/17/2020,6,New London,5112,4966,146,1916,42,157,120,37
11/17/2020,7,Tolland,2495,2264,231,1653,1,71,56,15
11/17/2020,8,Windham,2059,2019,40,1759,8,25,24,1
11/18/2020,1,Fairfield,33067,30431,2636,3504,248,1466,1142,324
11/18/2020,2,Hartford,24706,23322,1384,2768,195,1548,1217,331
11/18/2020,3,Litchfield,3500,3232,268,1933,15,156,135,21
11/18/2020,4,Middlesex,3025,2861,164,1859,20,197,158,39
11/18/2020,5,New Haven,24733,22915,1818,2884,310,1180,1010,170
11/18/2020,6,New London,5256,5101,155,1970,44,162,120,42
11/18/2020,7,Tolland,2573,2337,236,1705,1,71,56,15
11/18/2020,8,Windham,2118,2078,40,1810,7,25,24,1
11/19/2020,1,Fairfield,33648,30931,2717,3565,238,1471,1145,326
11/19/2020,2,Hartford,25182,23774,1408,2821,203,1553,1222,331
11/19/2020,3,Litchfield,3602,3318,284,1989,15,156,135,21
11/19/2020,4,Middlesex,3145,2979,166,1933,20,197,158,39
11/19/2020,5,New Haven,25248,23279,1969,2944,316,1190,1017,173
11/19/2020,6,New London,5352,5195,157,2006,47,163,120,43
11/19/2020,7,Tolland,2665,2424,241,1766,2,72,57,15
11/19/2020,8,Windham,2161,2120,41,1847,7,26,24,2
11/22/2020,1,Fairfield,35272,32447,2825,3737,241,1477,1150,327
11/22/2020,2,Hartford,26424,24960,1464,2960,220,1570,1238,332
11/22/2020,3,Litchfield,3853,3558,295,2127,16,160,139,21
11/22/2020,4,Middlesex,3358,3181,177,2064,24,200,160,40
11/22/2020,5,New Haven,26531,24389,2142,3094,321,1202,1027,175
11/22/2020,6,New London,5592,5435,157,2096,46,163,120,43
11/22/2020,7,Tolland,2824,2567,257,1871,2,72,57,15
11/22/2020,8,Windham,2313,2272,41,1976,5,27,24,3
11/23/2020,1,Fairfield,35494,32656,2838,3761,259,1478,1150,328
11/23/2020,2,Hartford,26555,25089,1466,2975,220,1573,1241,332
11/23/2020,3,Litchfield,3908,3606,302,2158,17,160,139,21
11/23/2020,4,Middlesex,3375,3198,177,2075,23,200,160,40
11/23/2020,5,New Haven,26643,24477,2166,3107,314,1207,1031,176
11/23/2020,6,New London,5648,5491,157,2117,45,163,120,43
11/23/2020,7,Tolland,2850,2597,253,1888,5,72,57,15
11/23/2020,8,Windham,2342,2299,43,2001,8,28,24,4
11/24/2020,1,Fairfield,36037,33157,2880,3818,292,1488,1158,330
11/24/2020,2,Hartford,27061,25551,1510,3031,245,1587,1252,335
11/24/2020,3,Litchfield,4015,3703,312,2217,18,160,139,21
11/24/2020,4,Middlesex,3441,3257,184,2115,27,203,163,40
11/24/2020,5,New Haven,27092,24890,2202,3159,328,1222,1042,180
11/24/2020,6,New London,5731,5573,158,2148,48,165,121,44
11/24/2020,7,Tolland,2901,2641,260,1922,4,73,58,15
11/24/2020,8,Windham,2379,2334,45,2033,6,28,24,4
11/26/2020,1,Fairfield,37071,34138,2933,3928,301,1491,1160,331
11/26/2020,2,Hartford,27844,26321,1523,3119,242,1595,1258,337
11/26/2020,3,Litchfield,4231,3904,327,2336,18,161,140,21
11/26/2020,4,Middlesex,3567,3374,193,2193,20,206,165,41
11/26/2020,5,New Haven,27925,25649,2276,3256,367,1238,1054,184
11/26/2020,6,New London,5867,5702,165,2199,55,168,121,47
11/26/2020,7,Tolland,2977,2715,262,1973,4,74,59,15
11/26/2020,8,Windham,2468,2423,45,2109,10,28,24,4
